month_year,Year,Month,education_attainment,unemployment_level,unemployment_rate
1993-01,1993,January,Bachelor's Degree,901.0,3.1
1994-01,1994,January,Bachelor's Degree,860.0,2.9
1995-01,1995,January,Bachelor's Degree,718.0,2.4
1996-01,1996,January,Bachelor's Degree,755.0,2.4
1997-01,1997,January,Bachelor's Degree,682.0,2.1
1998-01,1998,January,Bachelor's Degree,632.0,1.9
1999-01,1999,January,Bachelor's Degree,621.0,1.8
2000-01,2000,January,Bachelor's Degree,656.0,1.8
2001-01,2001,January,Bachelor's Degree,582.0,1.6
2002-01,2002,January,Bachelor's Degree,1088.0,2.9
2003-01,2003,January,Bachelor's Degree,1176.0,3.0
2004-01,2004,January,Bachelor's Degree,1188.0,2.9
2005-01,2005,January,Bachelor's Degree,997.0,2.4
2006-01,2006,January,Bachelor's Degree,878.0,2.1
2007-01,2007,January,Bachelor's Degree,907.0,2.1
2008-01,2008,January,Bachelor's Degree,936.0,2.1
2009-01,2009,January,Bachelor's Degree,1772.0,3.9
2010-01,2010,January,Bachelor's Degree,2237.0,4.9
2011-01,2011,January,Bachelor's Degree,1979.0,4.3
2012-01,2012,January,Bachelor's Degree,2040.0,4.3
2013-01,2013,January,Bachelor's Degree,1869.0,3.8
2014-01,2014,January,Bachelor's Degree,1646.0,3.3
2015-01,2015,January,Bachelor's Degree,1458.0,2.8
2016-01,2016,January,Bachelor's Degree,1313.0,2.5
2017-01,2017,January,Bachelor's Degree,1340.0,2.5
2018-01,2018,January,Bachelor's Degree,1181.0,2.1
2019-01,2019,January,Bachelor's Degree,1383.0,2.4
2020-01,2020,January,Bachelor's Degree,1163.0,1.9
2021-01,2021,January,Bachelor's Degree,2413.0,4.0
2022-01,2022,January,Bachelor's Degree,1394.0,2.3
2023-01,2023,January,Bachelor's Degree,1263.0,2.0
1993-02,1993,February,Bachelor's Degree,908.0,3.2
1994-02,1994,February,Bachelor's Degree,830.0,2.8
1995-02,1995,February,Bachelor's Degree,717.0,2.3
1996-02,1996,February,Bachelor's Degree,743.0,2.3
1997-02,1997,February,Bachelor's Degree,671.0,2.1
1998-02,1998,February,Bachelor's Degree,626.0,1.9
1999-02,1999,February,Bachelor's Degree,669.0,1.9
2000-02,2000,February,Bachelor's Degree,601.0,1.6
2001-02,2001,February,Bachelor's Degree,581.0,1.6
2002-02,2002,February,Bachelor's Degree,1105.0,2.9
2003-02,2003,February,Bachelor's Degree,1177.0,3.0
2004-02,2004,February,Bachelor's Degree,1176.0,2.9
2005-02,2005,February,Bachelor's Degree,972.0,2.4
2006-02,2006,February,Bachelor's Degree,916.0,2.2
2007-02,2007,February,Bachelor's Degree,827.0,1.9
2008-02,2008,February,Bachelor's Degree,923.0,2.0
2009-02,2009,February,Bachelor's Degree,1866.0,4.1
2010-02,2010,February,Bachelor's Degree,2254.0,4.9
2011-02,2011,February,Bachelor's Degree,1999.0,4.3
2012-02,2012,February,Bachelor's Degree,2007.0,4.2
2013-02,2013,February,Bachelor's Degree,1901.0,3.9
2014-02,2014,February,Bachelor's Degree,1710.0,3.4
2015-02,2015,February,Bachelor's Degree,1408.0,2.7
2016-02,2016,February,Bachelor's Degree,1305.0,2.5
2017-02,2017,February,Bachelor's Degree,1299.0,2.4
2018-02,2018,February,Bachelor's Degree,1263.0,2.2
2019-02,2019,February,Bachelor's Degree,1259.0,2.2
2020-02,2020,February,Bachelor's Degree,1157.0,1.9
2021-02,2021,February,Bachelor's Degree,2323.0,3.8
2022-02,2022,February,Bachelor's Degree,1338.0,2.2
2023-02,2023,February,Bachelor's Degree,1282.0,2.0
1993-03,1993,March,Bachelor's Degree,908.0,3.2
1994-03,1994,March,Bachelor's Degree,819.0,2.8
1995-03,1995,March,Bachelor's Degree,784.0,2.5
1996-03,1996,March,Bachelor's Degree,703.0,2.2
1997-03,1997,March,Bachelor's Degree,671.0,2.0
1998-03,1998,March,Bachelor's Degree,626.0,1.8
1999-03,1999,March,Bachelor's Degree,660.0,1.9
2000-03,2000,March,Bachelor's Degree,605.0,1.7
2001-03,2001,March,Bachelor's Degree,751.0,2.0
2002-03,2002,March,Bachelor's Degree,1085.0,2.8
2003-03,2003,March,Bachelor's Degree,1211.0,3.1
2004-03,2004,March,Bachelor's Degree,1167.0,2.9
2005-03,2005,March,Bachelor's Degree,982.0,2.4
2006-03,2006,March,Bachelor's Degree,935.0,2.2
2007-03,2007,March,Bachelor's Degree,797.0,1.8
2008-03,2008,March,Bachelor's Degree,946.0,2.1
2009-03,2009,March,Bachelor's Degree,1966.0,4.3
2010-03,2010,March,Bachelor's Degree,2210.0,4.9
2011-03,2011,March,Bachelor's Degree,2060.0,4.4
2012-03,2012,March,Bachelor's Degree,1996.0,4.1
2013-03,2013,March,Bachelor's Degree,1851.0,3.8
2014-03,2014,March,Bachelor's Degree,1679.0,3.4
2015-03,2015,March,Bachelor's Degree,1225.0,2.4
2016-03,2016,March,Bachelor's Degree,1390.0,2.6
2017-03,2017,March,Bachelor's Degree,1350.0,2.5
2018-03,2018,March,Bachelor's Degree,1278.0,2.3
2019-03,2019,March,Bachelor's Degree,1225.0,2.1
2020-03,2020,March,Bachelor's Degree,1516.0,2.5
2021-03,2021,March,Bachelor's Degree,2265.0,3.7
2022-03,2022,March,Bachelor's Degree,1210.0,2.0
2023-03,2023,March,Bachelor's Degree,1278.0,2.0
1993-04,1993,April,Bachelor's Degree,918.0,3.2
1994-04,1994,April,Bachelor's Degree,752.0,2.5
1995-04,1995,April,Bachelor's Degree,842.0,2.7
1996-04,1996,April,Bachelor's Degree,742.0,2.3
1997-04,1997,April,Bachelor's Degree,657.0,2.0
1998-04,1998,April,Bachelor's Degree,561.0,1.7
1999-04,1999,April,Bachelor's Degree,714.0,2.0
2000-04,2000,April,Bachelor's Degree,547.0,1.5
2001-04,2001,April,Bachelor's Degree,791.0,2.1
2002-04,2002,April,Bachelor's Degree,1125.0,2.9
2003-04,2003,April,Bachelor's Degree,1201.0,3.0
2004-04,2004,April,Bachelor's Degree,1148.0,2.9
2005-04,2005,April,Bachelor's Degree,996.0,2.4
2006-04,2006,April,Bachelor's Degree,936.0,2.2
2007-04,2007,April,Bachelor's Degree,812.0,1.9
2008-04,2008,April,Bachelor's Degree,956.0,2.1
2009-04,2009,April,Bachelor's Degree,1994.0,4.4
2010-04,2010,April,Bachelor's Degree,2196.0,4.8
2011-04,2011,April,Bachelor's Degree,2101.0,4.5
2012-04,2012,April,Bachelor's Degree,1907.0,4.0
2013-04,2013,April,Bachelor's Degree,1916.0,3.9
2014-04,2014,April,Bachelor's Degree,1643.0,3.3
2015-04,2015,April,Bachelor's Degree,1404.0,2.7
2016-04,2016,April,Bachelor's Degree,1323.0,2.5
2017-04,2017,April,Bachelor's Degree,1350.0,2.5
2018-04,2018,April,Bachelor's Degree,1207.0,2.1
2019-04,2019,April,Bachelor's Degree,1220.0,2.1
2020-04,2020,April,Bachelor's Degree,5046.0,8.4
2021-04,2021,April,Bachelor's Degree,2152.0,3.5
2022-04,2022,April,Bachelor's Degree,1247.0,2.0
2023-04,2023,April,Bachelor's Degree,1241.0,1.9
1993-05,1993,May,Bachelor's Degree,858.0,3.0
1994-05,1994,May,Bachelor's Degree,767.0,2.5
1995-05,1995,May,Bachelor's Degree,763.0,2.5
1996-05,1996,May,Bachelor's Degree,750.0,2.3
1997-05,1997,May,Bachelor's Degree,720.0,2.2
1998-05,1998,May,Bachelor's Degree,575.0,1.7
1999-05,1999,May,Bachelor's Degree,666.0,1.9
2000-05,2000,May,Bachelor's Degree,593.0,1.6
2001-05,2001,May,Bachelor's Degree,782.0,2.1
2002-05,2002,May,Bachelor's Degree,1145.0,2.9
2003-05,2003,May,Bachelor's Degree,1197.0,3.0
2004-05,2004,May,Bachelor's Degree,1149.0,2.9
2005-05,2005,May,Bachelor's Degree,986.0,2.4
2006-05,2006,May,Bachelor's Degree,879.0,2.1
2007-05,2007,May,Bachelor's Degree,869.0,2.0
2008-05,2008,May,Bachelor's Degree,982.0,2.2
2009-05,2009,May,Bachelor's Degree,2169.0,4.8
2010-05,2010,May,Bachelor's Degree,2109.0,4.6
2011-05,2011,May,Bachelor's Degree,2125.0,4.5
2012-05,2012,May,Bachelor's Degree,1898.0,3.9
2013-05,2013,May,Bachelor's Degree,1907.0,3.9
2014-05,2014,May,Bachelor's Degree,1619.0,3.2
2015-05,2015,May,Bachelor's Degree,1462.0,2.8
2016-05,2016,May,Bachelor's Degree,1334.0,2.5
2017-05,2017,May,Bachelor's Degree,1280.0,2.3
2018-05,2018,May,Bachelor's Degree,1163.0,2.0
2019-05,2019,May,Bachelor's Degree,1262.0,2.2
2020-05,2020,May,Bachelor's Degree,4463.0,7.4
2021-05,2021,May,Bachelor's Degree,1906.0,3.1
2022-05,2022,May,Bachelor's Degree,1222.0,2.0
2023-05,2023,May,Bachelor's Degree,1322.0,2.1
1993-06,1993,June,Bachelor's Degree,852.0,2.9
1994-06,1994,June,Bachelor's Degree,762.0,2.6
1995-06,1995,June,Bachelor's Degree,807.0,2.6
1996-06,1996,June,Bachelor's Degree,697.0,2.2
1997-06,1997,June,Bachelor's Degree,673.0,2.0
1998-06,1998,June,Bachelor's Degree,590.0,1.7
1999-06,1999,June,Bachelor's Degree,715.0,2.0
2000-06,2000,June,Bachelor's Degree,575.0,1.6
2001-06,2001,June,Bachelor's Degree,810.0,2.2
2002-06,2002,June,Bachelor's Degree,1150.0,3.0
2003-06,2003,June,Bachelor's Degree,1235.0,3.1
2004-06,2004,June,Bachelor's Degree,1093.0,2.7
2005-06,2005,June,Bachelor's Degree,945.0,2.3
2006-06,2006,June,Bachelor's Degree,884.0,2.1
2007-06,2007,June,Bachelor's Degree,890.0,2.0
2008-06,2008,June,Bachelor's Degree,1062.0,2.4
2009-06,2009,June,Bachelor's Degree,2189.0,4.8
2010-06,2010,June,Bachelor's Degree,2038.0,4.4
2011-06,2011,June,Bachelor's Degree,2033.0,4.3
2012-06,2012,June,Bachelor's Degree,1939.0,4.0
2013-06,2013,June,Bachelor's Degree,1885.0,3.8
2014-06,2014,June,Bachelor's Degree,1639.0,3.3
2015-06,2015,June,Bachelor's Degree,1292.0,2.5
2016-06,2016,June,Bachelor's Degree,1375.0,2.5
2017-06,2017,June,Bachelor's Degree,1282.0,2.3
2018-06,2018,June,Bachelor's Degree,1299.0,2.3
2019-06,2019,June,Bachelor's Degree,1219.0,2.1
2020-06,2020,June,Bachelor's Degree,4225.0,6.8
2021-06,2021,June,Bachelor's Degree,2067.0,3.4
2022-06,2022,June,Bachelor's Degree,1296.0,2.1
2023-06,2023,June,Bachelor's Degree,1264.0,2.0
1993-07,1993,July,Bachelor's Degree,810.0,2.8
1994-07,1994,July,Bachelor's Degree,805.0,2.7
1995-07,1995,July,Bachelor's Degree,771.0,2.5
1996-07,1996,July,Bachelor's Degree,715.0,2.2
1997-07,1997,July,Bachelor's Degree,685.0,2.1
1998-07,1998,July,Bachelor's Degree,579.0,1.7
1999-07,1999,July,Bachelor's Degree,662.0,1.8
2000-07,2000,July,Bachelor's Degree,632.0,1.7
2001-07,2001,July,Bachelor's Degree,817.0,2.2
2002-07,2002,July,Bachelor's Degree,1141.0,3.0
2003-07,2003,July,Bachelor's Degree,1219.0,3.1
2004-07,2004,July,Bachelor's Degree,1062.0,2.6
2005-07,2005,July,Bachelor's Degree,965.0,2.3
2006-07,2006,July,Bachelor's Degree,868.0,2.0
2007-07,2007,July,Bachelor's Degree,938.0,2.1
2008-07,2008,July,Bachelor's Degree,1117.0,2.5
2009-07,2009,July,Bachelor's Degree,2177.0,4.8
2010-07,2010,July,Bachelor's Degree,2096.0,4.5
2011-07,2011,July,Bachelor's Degree,1988.0,4.2
2012-07,2012,July,Bachelor's Degree,1943.0,4.1
2013-07,2013,July,Bachelor's Degree,1855.0,3.8
2014-07,2014,July,Bachelor's Degree,1564.0,3.1
2015-07,2015,July,Bachelor's Degree,1320.0,2.5
2016-07,2016,July,Bachelor's Degree,1320.0,2.4
2017-07,2017,July,Bachelor's Degree,1283.0,2.3
2018-07,2018,July,Bachelor's Degree,1251.0,2.2
2019-07,2019,July,Bachelor's Degree,1267.0,2.2
2020-07,2020,July,Bachelor's Degree,4145.0,6.7
2021-07,2021,July,Bachelor's Degree,1896.0,3.1
2022-07,2022,July,Bachelor's Degree,1282.0,2.0
2023-07,2023,July,Bachelor's Degree,1295.0,2.0
1993-08,1993,Augest,Bachelor's Degree,750.0,2.6
1994-08,1994,Augest,Bachelor's Degree,764.0,2.5
1995-08,1995,Augest,Bachelor's Degree,787.0,2.5
1996-08,1996,Augest,Bachelor's Degree,671.0,2.1
1997-08,1997,Augest,Bachelor's Degree,699.0,2.1
1998-08,1998,Augest,Bachelor's Degree,623.0,1.8
1999-08,1999,Augest,Bachelor's Degree,581.0,1.6
2000-08,2000,Augest,Bachelor's Degree,682.0,1.9
2001-08,2001,Augest,Bachelor's Degree,870.0,2.3
2002-08,2002,Augest,Bachelor's Degree,1086.0,2.8
2003-08,2003,Augest,Bachelor's Degree,1263.0,3.2
2004-08,2004,Augest,Bachelor's Degree,1080.0,2.7
2005-08,2005,Augest,Bachelor's Degree,867.0,2.1
2006-08,2006,Augest,Bachelor's Degree,777.0,1.8
2007-08,2007,Augest,Bachelor's Degree,928.0,2.1
2008-08,2008,Augest,Bachelor's Degree,1288.0,2.8
2009-08,2009,Augest,Bachelor's Degree,2190.0,4.8
2010-08,2010,Augest,Bachelor's Degree,2094.0,4.6
2011-08,2011,Augest,Bachelor's Degree,1974.0,4.2
2012-08,2012,Augest,Bachelor's Degree,1968.0,4.1
2013-08,2013,Augest,Bachelor's Degree,1658.0,3.4
2014-08,2014,Augest,Bachelor's Degree,1580.0,3.2
2015-08,2015,Augest,Bachelor's Degree,1244.0,2.4
2016-08,2016,Augest,Bachelor's Degree,1420.0,2.6
2017-08,2017,Augest,Bachelor's Degree,1308.0,2.4
2018-08,2018,Augest,Bachelor's Degree,1136.0,2.0
2019-08,2019,Augest,Bachelor's Degree,1204.0,2.1
2020-08,2020,Augest,Bachelor's Degree,3236.0,5.2
2021-08,2021,Augest,Bachelor's Degree,1669.0,2.8
2022-08,2022,Augest,Bachelor's Degree,1183.0,1.9
2023-08,2023,Augest,Bachelor's Degree,1412.0,2.2
1993-09,1993,September,Bachelor's Degree,824.0,2.8
1994-09,1994,September,Bachelor's Degree,778.0,2.5
1995-09,1995,September,Bachelor's Degree,740.0,2.4
1996-09,1996,September,Bachelor's Degree,711.0,2.2
1997-09,1997,September,Bachelor's Degree,718.0,2.1
1998-09,1998,September,Bachelor's Degree,595.0,1.7
1999-09,1999,September,Bachelor's Degree,605.0,1.7
2000-09,2000,September,Bachelor's Degree,696.0,1.9
2001-09,2001,September,Bachelor's Degree,923.0,2.5
2002-09,2002,September,Bachelor's Degree,1126.0,2.9
2003-09,2003,September,Bachelor's Degree,1269.0,3.2
2004-09,2004,September,Bachelor's Degree,1037.0,2.6
2005-09,2005,September,Bachelor's Degree,970.0,2.3
2006-09,2006,September,Bachelor's Degree,889.0,2.1
2007-09,2007,September,Bachelor's Degree,898.0,2.0
2008-09,2008,September,Bachelor's Degree,1187.0,2.6
2009-09,2009,September,Bachelor's Degree,2296.0,5.0
2010-09,2010,September,Bachelor's Degree,2089.0,4.5
2011-09,2011,September,Bachelor's Degree,1973.0,4.2
2012-09,2012,September,Bachelor's Degree,1954.0,4.0
2013-09,2013,September,Bachelor's Degree,1813.0,3.7
2014-09,2014,September,Bachelor's Degree,1479.0,2.9
2015-09,2015,September,Bachelor's Degree,1315.0,2.5
2016-09,2016,September,Bachelor's Degree,1383.0,2.5
2017-09,2017,September,Bachelor's Degree,1263.0,2.3
2018-09,2018,September,Bachelor's Degree,1149.0,2.0
2019-09,2019,September,Bachelor's Degree,1188.0,2.0
2020-09,2020,September,Bachelor's Degree,2851.0,4.8
2021-09,2021,September,Bachelor's Degree,1532.0,2.5
2022-09,2022,September,Bachelor's Degree,1138.0,1.8
1993-10,1993,October,Bachelor's Degree,841.0,2.9
1994-10,1994,October,Bachelor's Degree,739.0,2.4
1995-10,1995,October,Bachelor's Degree,745.0,2.4
1996-10,1996,October,Bachelor's Degree,698.0,2.2
1997-10,1997,October,Bachelor's Degree,636.0,1.9
1998-10,1998,October,Bachelor's Degree,667.0,1.9
1999-10,1999,October,Bachelor's Degree,602.0,1.7
2000-10,2000,October,Bachelor's Degree,583.0,1.6
2001-10,2001,October,Bachelor's Degree,997.0,2.6
2002-10,2002,October,Bachelor's Degree,1168.0,3.0
2003-10,2003,October,Bachelor's Degree,1238.0,3.1
2004-10,2004,October,Bachelor's Degree,1023.0,2.5
2005-10,2005,October,Bachelor's Degree,951.0,2.3
2006-10,2006,October,Bachelor's Degree,806.0,1.9
2007-10,2007,October,Bachelor's Degree,928.0,2.1
2008-10,2008,October,Bachelor's Degree,1425.0,3.1
2009-10,2009,October,Bachelor's Degree,2176.0,4.7
2010-10,2010,October,Bachelor's Degree,2135.0,4.6
2011-10,2011,October,Bachelor's Degree,2048.0,4.3
2012-10,2012,October,Bachelor's Degree,1788.0,3.7
2013-10,2013,October,Bachelor's Degree,1842.0,3.7
2014-10,2014,October,Bachelor's Degree,1516.0,3.0
2015-10,2015,October,Bachelor's Degree,1339.0,2.5
2016-10,2016,October,Bachelor's Degree,1412.0,2.6
2017-10,2017,October,Bachelor's Degree,1174.0,2.1
2018-10,2018,October,Bachelor's Degree,1186.0,2.0
2019-10,2019,October,Bachelor's Degree,1236.0,2.1
2020-10,2020,October,Bachelor's Degree,2498.0,4.2
2021-10,2021,October,Bachelor's Degree,1472.0,2.4
2022-10,2022,October,Bachelor's Degree,1223.0,1.9
1993-11,1993,November,Bachelor's Degree,840.0,2.9
1994-11,1994,November,Bachelor's Degree,698.0,2.3
1995-11,1995,November,Bachelor's Degree,742.0,2.3
1996-11,1996,November,Bachelor's Degree,756.0,2.3
1997-11,1997,November,Bachelor's Degree,584.0,1.7
1998-11,1998,November,Bachelor's Degree,647.0,1.9
1999-11,1999,November,Bachelor's Degree,604.0,1.7
2000-11,2000,November,Bachelor's Degree,557.0,1.5
2001-11,2001,November,Bachelor's Degree,1098.0,2.9
2002-11,2002,November,Bachelor's Degree,1121.0,2.9
2003-11,2003,November,Bachelor's Degree,1231.0,3.1
2004-11,2004,November,Bachelor's Degree,1032.0,2.5
2005-11,2005,November,Bachelor's Degree,939.0,2.3
2006-11,2006,November,Bachelor's Degree,795.0,1.8
2007-11,2007,November,Bachelor's Degree,964.0,2.2
2008-11,2008,November,Bachelor's Degree,1452.0,3.2
2009-11,2009,November,Bachelor's Degree,2209.0,4.8
2010-11,2010,November,Bachelor's Degree,2341.0,5.0
2011-11,2011,November,Bachelor's Degree,2079.0,4.4
2012-11,2012,November,Bachelor's Degree,1895.0,3.9
2013-11,2013,November,Bachelor's Degree,1698.0,3.4
2014-11,2014,November,Bachelor's Degree,1645.0,3.2
2015-11,2015,November,Bachelor's Degree,1342.0,2.5
2016-11,2016,November,Bachelor's Degree,1279.0,2.4
2017-11,2017,November,Bachelor's Degree,1151.0,2.1
2018-11,2018,November,Bachelor's Degree,1269.0,2.2
2019-11,2019,November,Bachelor's Degree,1157.0,1.9
2020-11,2020,November,Bachelor's Degree,2498.0,4.2
2021-11,2021,November,Bachelor's Degree,1367.0,2.2
2022-11,2022,November,Bachelor's Degree,1260.0,2.0
1993-12,1993,December,Bachelor's Degree,840.0,2.8
1994-12,1994,December,Bachelor's Degree,698.0,2.3
1995-12,1995,December,Bachelor's Degree,747.0,2.4
1996-12,1996,December,Bachelor's Degree,743.0,2.3
1997-12,1997,December,Bachelor's Degree,600.0,1.8
1998-12,1998,December,Bachelor's Degree,629.0,1.8
1999-12,1999,December,Bachelor's Degree,624.0,1.7
2000-12,2000,December,Bachelor's Degree,559.0,1.5
2001-12,2001,December,Bachelor's Degree,1131.0,3.0
2002-12,2002,December,Bachelor's Degree,1131.0,2.9
2003-12,2003,December,Bachelor's Degree,1221.0,3.0
2004-12,2004,December,Bachelor's Degree,1013.0,2.5
2005-12,2005,December,Bachelor's Degree,901.0,2.1
2006-12,2006,December,Bachelor's Degree,802.0,1.8
2007-12,2007,December,Bachelor's Degree,938.0,2.1
2008-12,2008,December,Bachelor's Degree,1637.0,3.6
2009-12,2009,December,Bachelor's Degree,2234.0,4.9
2010-12,2010,December,Bachelor's Degree,2221.0,4.8
2011-12,2011,December,Bachelor's Degree,1940.0,4.1
2012-12,2012,December,Bachelor's Degree,1953.0,4.0
2013-12,2013,December,Bachelor's Degree,1657.0,3.3
2014-12,2014,December,Bachelor's Degree,1473.0,2.8
2015-12,2015,December,Bachelor's Degree,1319.0,2.5
2016-12,2016,December,Bachelor's Degree,1341.0,2.5
2017-12,2017,December,Bachelor's Degree,1225.0,2.2
2018-12,2018,December,Bachelor's Degree,1286.0,2.2
2019-12,2019,December,Bachelor's Degree,1187.0,2.0
2020-12,2020,December,Bachelor's Degree,2303.0,3.8
2021-12,2021,December,Bachelor's Degree,1271.0,2.1
2022-12,2022,December,Bachelor's Degree,1203.0,1.9
1993-01,1993,January,"High School Graduates, No College",2457.0,6.6
1994-01,1994,January,"High School Graduates, No College",2199.0,5.8
1995-01,1995,January,"High School Graduates, No College",1866.0,5.0
1996-01,1996,January,"High School Graduates, No College",1797.0,4.9
1997-01,1997,January,"High School Graduates, No College",1691.0,4.5
1998-01,1998,January,"High School Graduates, No College",1492.0,4.0
1999-01,1999,January,"High School Graduates, No College",1299.0,3.5
2000-01,2000,January,"High School Graduates, No College",1297.0,3.4
2001-01,2001,January,"High School Graduates, No College",1430.0,3.8
2002-01,2002,January,"High School Graduates, No College",1992.0,5.3
2003-01,2003,January,"High School Graduates, No College",1988.0,5.2
2004-01,2004,January,"High School Graduates, No College",1855.0,4.9
2005-01,2005,January,"High School Graduates, No College",1795.0,4.7
2006-01,2006,January,"High School Graduates, No College",1674.0,4.4
2007-01,2007,January,"High School Graduates, No College",1653.0,4.3
2008-01,2008,January,"High School Graduates, No College",1812.0,4.7
2009-01,2009,January,"High School Graduates, No College",3176.0,8.2
2010-01,2010,January,"High School Graduates, No College",3891.0,10.2
2011-01,2011,January,"High School Graduates, No College",3569.0,9.5
2012-01,2012,January,"High School Graduates, No College",3131.0,8.5
2013-01,2013,January,"High School Graduates, No College",2988.0,8.1
2014-01,2014,January,"High School Graduates, No College",2327.0,6.5
2015-01,2015,January,"High School Graduates, No College",1910.0,5.4
2016-01,2016,January,"High School Graduates, No College",1814.0,5.1
2017-01,2017,January,"High School Graduates, No College",1860.0,5.2
2018-01,2018,January,"High School Graduates, No College",1605.0,4.5
2019-01,2019,January,"High School Graduates, No College",1383.0,3.8
2020-01,2020,January,"High School Graduates, No College",1407.0,3.9
2021-01,2021,January,"High School Graduates, No College",2396.0,7.0
2022-01,2022,January,"High School Graduates, No College",1682.0,4.5
2023-01,2023,January,"High School Graduates, No College",1353.0,3.7
1993-02,1993,February,"High School Graduates, No College",2349.0,6.3
1994-02,1994,February,"High School Graduates, No College",2246.0,6.1
1995-02,1995,February,"High School Graduates, No College",1721.0,4.7
1996-02,1996,February,"High School Graduates, No College",1730.0,4.7
1997-02,1997,February,"High School Graduates, No College",1715.0,4.6
1998-02,1998,February,"High School Graduates, No College",1507.0,4.0
1999-02,1999,February,"High School Graduates, No College",1287.0,3.5
2000-02,2000,February,"High School Graduates, No College",1300.0,3.4
2001-02,2001,February,"High School Graduates, No College",1408.0,3.7
2002-02,2002,February,"High School Graduates, No College",1986.0,5.3
2003-02,2003,February,"High School Graduates, No College",2054.0,5.4
2004-02,2004,February,"High School Graduates, No College",1896.0,5.0
2005-02,2005,February,"High School Graduates, No College",1859.0,4.9
2006-02,2006,February,"High School Graduates, No College",1664.0,4.4
2007-02,2007,February,"High School Graduates, No College",1668.0,4.3
2008-02,2008,February,"High School Graduates, No College",1802.0,4.7
2009-02,2009,February,"High School Graduates, No College",3274.0,8.5
2010-02,2010,February,"High School Graduates, No College",4149.0,10.7
2011-02,2011,February,"High School Graduates, No College",3635.0,9.7
2012-02,2012,February,"High School Graduates, No College",3082.0,8.3
2013-02,2013,February,"High School Graduates, No College",2879.0,7.9
2014-02,2014,February,"High School Graduates, No College",2316.0,6.4
2015-02,2015,February,"High School Graduates, No College",1891.0,5.4
2016-02,2016,February,"High School Graduates, No College",1823.0,5.1
2017-02,2017,February,"High School Graduates, No College",1764.0,4.9
2018-02,2018,February,"High School Graduates, No College",1597.0,4.4
2019-02,2019,February,"High School Graduates, No College",1374.0,3.8
2020-02,2020,February,"High School Graduates, No College",1343.0,3.7
2021-02,2021,February,"High School Graduates, No College",2432.0,7.1
2022-02,2022,February,"High School Graduates, No College",1615.0,4.4
2023-02,2023,February,"High School Graduates, No College",1276.0,3.6
1993-03,1993,March,"High School Graduates, No College",2388.0,6.4
1994-03,1994,March,"High School Graduates, No College",2166.0,5.8
1995-03,1995,March,"High School Graduates, No College",1641.0,4.5
1996-03,1996,March,"High School Graduates, No College",1732.0,4.7
1997-03,1997,March,"High School Graduates, No College",1671.0,4.4
1998-03,1998,March,"High School Graduates, No College",1595.0,4.2
1999-03,1999,March,"High School Graduates, No College",1297.0,3.5
2000-03,2000,March,"High School Graduates, No College",1263.0,3.3
2001-03,2001,March,"High School Graduates, No College",1429.0,3.8
2002-03,2002,March,"High School Graduates, No College",2013.0,5.4
2003-03,2003,March,"High School Graduates, No College",2090.0,5.5
2004-03,2004,March,"High School Graduates, No College",2001.0,5.3
2005-03,2005,March,"High School Graduates, No College",1811.0,4.7
2006-03,2006,March,"High School Graduates, No College",1583.0,4.1
2007-03,2007,March,"High School Graduates, No College",1539.0,4.0
2008-03,2008,March,"High School Graduates, No College",1928.0,5.1
2009-03,2009,March,"High School Graduates, No College",3528.0,9.2
2010-03,2010,March,"High School Graduates, No College",4309.0,11.0
2011-03,2011,March,"High School Graduates, No College",3634.0,9.7
2012-03,2012,March,"High School Graduates, No College",2966.0,8.1
2013-03,2013,March,"High School Graduates, No College",2775.0,7.7
2014-03,2014,March,"High School Graduates, No College",2268.0,6.3
2015-03,2015,March,"High School Graduates, No College",1877.0,5.3
2016-03,2016,March,"High School Graduates, No College",1884.0,5.3
2017-03,2017,March,"High School Graduates, No College",1762.0,4.9
2018-03,2018,March,"High School Graduates, No College",1555.0,4.3
2019-03,2019,March,"High School Graduates, No College",1339.0,3.7
2020-03,2020,March,"High School Graduates, No College",1562.0,4.5
2021-03,2021,March,"High School Graduates, No College",2279.0,6.7
2022-03,2022,March,"High School Graduates, No College",1469.0,4.0
2023-03,2023,March,"High School Graduates, No College",1433.0,4.0
1993-04,1993,April,"High School Graduates, No College",2371.0,6.3
1994-04,1994,April,"High School Graduates, No College",2067.0,5.6
1995-04,1995,April,"High School Graduates, No College",1868.0,5.1
1996-04,1996,April,"High School Graduates, No College",1787.0,4.8
1997-04,1997,April,"High School Graduates, No College",1614.0,4.3
1998-04,1998,April,"High School Graduates, No College",1471.0,3.9
1999-04,1999,April,"High School Graduates, No College",1307.0,3.5
2000-04,2000,April,"High School Graduates, No College",1244.0,3.3
2001-04,2001,April,"High School Graduates, No College",1389.0,3.7
2002-04,2002,April,"High School Graduates, No College",2058.0,5.5
2003-04,2003,April,"High School Graduates, No College",2179.0,5.7
2004-04,2004,April,"High School Graduates, No College",2003.0,5.3
2005-04,2005,April,"High School Graduates, No College",1696.0,4.4
2006-04,2006,April,"High School Graduates, No College",1684.0,4.4
2007-04,2007,April,"High School Graduates, No College",1568.0,4.1
2008-04,2008,April,"High School Graduates, No College",1895.0,5.0
2009-04,2009,April,"High School Graduates, No College",3654.0,9.5
2010-04,2010,April,"High School Graduates, No College",4184.0,10.8
2011-04,2011,April,"High School Graduates, No College",3716.0,9.9
2012-04,2012,April,"High School Graduates, No College",2947.0,8.0
2013-04,2013,April,"High School Graduates, No College",2714.0,7.5
2014-04,2014,April,"High School Graduates, No College",2246.0,6.2
2015-04,2015,April,"High School Graduates, No College",1938.0,5.5
2016-04,2016,April,"High School Graduates, No College",1941.0,5.5
2017-04,2017,April,"High School Graduates, No College",1650.0,4.6
2018-04,2018,April,"High School Graduates, No College",1517.0,4.3
2019-04,2019,April,"High School Graduates, No College",1227.0,3.4
2020-04,2020,April,"High School Graduates, No College",5912.0,17.7
2021-04,2021,April,"High School Graduates, No College",2428.0,7.0
2022-04,2022,April,"High School Graduates, No College",1395.0,3.8
2023-04,2023,April,"High School Graduates, No College",1407.0,3.9
1993-05,1993,May,"High School Graduates, No College",2424.0,6.4
1994-05,1994,May,"High School Graduates, No College",1982.0,5.3
1995-05,1995,May,"High School Graduates, No College",1859.0,5.0
1996-05,1996,May,"High School Graduates, No College",1754.0,4.8
1997-05,1997,May,"High School Graduates, No College",1581.0,4.2
1998-05,1998,May,"High School Graduates, No College",1373.0,3.7
1999-05,1999,May,"High School Graduates, No College",1304.0,3.5
2000-05,2000,May,"High School Graduates, No College",1301.0,3.4
2001-05,2001,May,"High School Graduates, No College",1458.0,3.9
2002-05,2002,May,"High School Graduates, No College",2071.0,5.5
2003-05,2003,May,"High School Graduates, No College",2117.0,5.6
2004-05,2004,May,"High School Graduates, No College",1918.0,5.1
2005-05,2005,May,"High School Graduates, No College",1708.0,4.5
2006-05,2006,May,"High School Graduates, No College",1636.0,4.3
2007-05,2007,May,"High School Graduates, No College",1667.0,4.4
2008-05,2008,May,"High School Graduates, No College",1925.0,5.0
2009-05,2009,May,"High School Graduates, No College",3832.0,10.0
2010-05,2010,May,"High School Graduates, No College",4183.0,10.9
2011-05,2011,May,"High School Graduates, No College",3610.0,9.6
2012-05,2012,May,"High School Graduates, No College",3052.0,8.3
2013-05,2013,May,"High School Graduates, No College",2669.0,7.3
2014-05,2014,May,"High School Graduates, No College",2350.0,6.5
2015-05,2015,May,"High School Graduates, No College",2067.0,5.8
2016-05,2016,May,"High School Graduates, No College",1833.0,5.1
2017-05,2017,May,"High School Graduates, No College",1698.0,4.7
2018-05,2018,May,"High School Graduates, No College",1395.0,3.9
2019-05,2019,May,"High School Graduates, No College",1262.0,3.5
2020-05,2020,May,"High School Graduates, No College",5419.0,15.9
2021-05,2021,May,"High School Graduates, No College",2426.0,6.9
2022-05,2022,May,"High School Graduates, No College",1356.0,3.8
2023-05,2023,May,"High School Graduates, No College",1411.0,3.9
1993-06,1993,June,"High School Graduates, No College",2403.0,6.4
1994-06,1994,June,"High School Graduates, No College",2003.0,5.4
1995-06,1995,June,"High School Graduates, No College",1744.0,4.7
1996-06,1996,June,"High School Graduates, No College",1676.0,4.6
1997-06,1997,June,"High School Graduates, No College",1648.0,4.3
1998-06,1998,June,"High School Graduates, No College",1483.0,4.0
1999-06,1999,June,"High School Graduates, No College",1426.0,3.8
2000-06,2000,June,"High School Graduates, No College",1267.0,3.4
2001-06,2001,June,"High School Graduates, No College",1437.0,3.8
2002-06,2002,June,"High School Graduates, No College",2038.0,5.4
2003-06,2003,June,"High School Graduates, No College",2169.0,5.7
2004-06,2004,June,"High School Graduates, No College",1990.0,5.2
2005-06,2005,June,"High School Graduates, No College",1827.0,4.8
2006-06,2006,June,"High School Graduates, No College",1601.0,4.1
2007-06,2007,June,"High School Graduates, No College",1583.0,4.1
2008-06,2008,June,"High School Graduates, No College",1955.0,5.1
2009-06,2009,June,"High School Graduates, No College",3721.0,9.7
2010-06,2010,June,"High School Graduates, No College",4014.0,10.6
2011-06,2011,June,"High School Graduates, No College",3754.0,10.0
2012-06,2012,June,"High School Graduates, No College",3161.0,8.6
2013-06,2013,June,"High School Graduates, No College",2820.0,7.7
2014-06,2014,June,"High School Graduates, No College",2135.0,5.9
2015-06,2015,June,"High School Graduates, No College",1906.0,5.4
2016-06,2016,June,"High School Graduates, No College",1805.0,5.1
2017-06,2017,June,"High School Graduates, No College",1610.0,4.5
2018-06,2018,June,"High School Graduates, No College",1468.0,4.1
2019-06,2019,June,"High School Graduates, No College",1384.0,3.8
2020-06,2020,June,"High School Graduates, No College",4162.0,12.3
2021-06,2021,June,"High School Graduates, No College",2451.0,7.0
2022-06,2022,June,"High School Graduates, No College",1308.0,3.6
2023-06,2023,June,"High School Graduates, No College",1400.0,3.9
1993-07,1993,July,"High School Graduates, No College",2398.0,6.3
1994-07,1994,July,"High School Graduates, No College",1934.0,5.2
1995-07,1995,July,"High School Graduates, No College",1724.0,4.7
1996-07,1996,July,"High School Graduates, No College",1739.0,4.7
1997-07,1997,July,"High School Graduates, No College",1586.0,4.2
1998-07,1998,July,"High School Graduates, No College",1531.0,4.1
1999-07,1999,July,"High School Graduates, No College",1344.0,3.6
2000-07,2000,July,"High School Graduates, No College",1276.0,3.4
2001-07,2001,July,"High School Graduates, No College",1538.0,4.1
2002-07,2002,July,"High School Graduates, No College",1923.0,5.1
2003-07,2003,July,"High School Graduates, No College",2037.0,5.4
2004-07,2004,July,"High School Graduates, No College",1905.0,5.0
2005-07,2005,July,"High School Graduates, No College",1823.0,4.8
2006-07,2006,July,"High School Graduates, No College",1717.0,4.5
2007-07,2007,July,"High School Graduates, No College",1750.0,4.6
2008-07,2008,July,"High School Graduates, No College",2074.0,5.4
2009-07,2009,July,"High School Graduates, No College",3607.0,9.5
2010-07,2010,July,"High School Graduates, No College",3775.0,10.0
2011-07,2011,July,"High School Graduates, No College",3391.0,9.1
2012-07,2012,July,"High School Graduates, No College",3137.0,8.5
2013-07,2013,July,"High School Graduates, No College",2764.0,7.5
2014-07,2014,July,"High School Graduates, No College",2209.0,6.1
2015-07,2015,July,"High School Graduates, No College",1950.0,5.5
2016-07,2016,July,"High School Graduates, No College",1813.0,5.1
2017-07,2017,July,"High School Graduates, No College",1604.0,4.5
2018-07,2018,July,"High School Graduates, No College",1480.0,4.1
2019-07,2019,July,"High School Graduates, No College",1308.0,3.6
2020-07,2020,July,"High School Graduates, No College",3691.0,10.8
2021-07,2021,July,"High School Graduates, No College",2195.0,6.3
2022-07,2022,July,"High School Graduates, No College",1277.0,3.6
2023-07,2023,July,"High School Graduates, No College",1217.0,3.4
1993-08,1993,Augest,"High School Graduates, No College",2320.0,6.1
1994-08,1994,Augest,"High School Graduates, No College",1993.0,5.4
1995-08,1995,Augest,"High School Graduates, No College",1666.0,4.5
1996-08,1996,Augest,"High School Graduates, No College",1615.0,4.4
1997-08,1997,Augest,"High School Graduates, No College",1609.0,4.2
1998-08,1998,Augest,"High School Graduates, No College",1468.0,3.9
1999-08,1999,Augest,"High School Graduates, No College",1303.0,3.5
2000-08,2000,Augest,"High School Graduates, No College",1366.0,3.7
2001-08,2001,Augest,"High School Graduates, No College",1663.0,4.4
2002-08,2002,Augest,"High School Graduates, No College",1968.0,5.2
2003-08,2003,Augest,"High School Graduates, No College",2047.0,5.4
2004-08,2004,Augest,"High School Graduates, No College",1881.0,4.9
2005-08,2005,Augest,"High School Graduates, No College",1787.0,4.7
2006-08,2006,Augest,"High School Graduates, No College",1773.0,4.6
2007-08,2007,Augest,"High School Graduates, No College",1696.0,4.4
2008-08,2008,Augest,"High School Graduates, No College",2234.0,5.8
2009-08,2009,Augest,"High School Graduates, No College",3698.0,9.7
2010-08,2010,Augest,"High School Graduates, No College",3850.0,10.0
2011-08,2011,Augest,"High School Graduates, No College",3438.0,9.3
2012-08,2012,Augest,"High School Graduates, No College",3139.0,8.6
2013-08,2013,Augest,"High School Graduates, No College",2690.0,7.4
2014-08,2014,Augest,"High School Graduates, No College",2216.0,6.1
2015-08,2015,Augest,"High School Graduates, No College",1944.0,5.5
2016-08,2016,Augest,"High School Graduates, No College",1808.0,5.0
2017-08,2017,Augest,"High School Graduates, No College",1806.0,5.0
2018-08,2018,Augest,"High School Graduates, No College",1438.0,4.0
2019-08,2019,Augest,"High School Graduates, No College",1313.0,3.6
2020-08,2020,Augest,"High School Graduates, No College",3381.0,9.9
2021-08,2021,Augest,"High School Graduates, No College",2113.0,6.0
2022-08,2022,Augest,"High School Graduates, No College",1560.0,4.4
2023-08,2023,Augest,"High School Graduates, No College",1391.0,3.8
1993-09,1993,September,"High School Graduates, No College",2346.0,6.2
1994-09,1994,September,"High School Graduates, No College",1857.0,5.0
1995-09,1995,September,"High School Graduates, No College",1730.0,4.7
1996-09,1996,September,"High School Graduates, No College",1689.0,4.5
1997-09,1997,September,"High School Graduates, No College",1562.0,4.1
1998-09,1998,September,"High School Graduates, No College",1539.0,4.1
1999-09,1999,September,"High School Graduates, No College",1379.0,3.7
2000-09,2000,September,"High School Graduates, No College",1308.0,3.5
2001-09,2001,September,"High School Graduates, No College",1657.0,4.4
2002-09,2002,September,"High School Graduates, No College",1915.0,5.0
2003-09,2003,September,"High School Graduates, No College",2018.0,5.3
2004-09,2004,September,"High School Graduates, No College",1770.0,4.7
2005-09,2005,September,"High School Graduates, No College",1888.0,4.9
2006-09,2006,September,"High School Graduates, No College",1593.0,4.1
2007-09,2007,September,"High School Graduates, No College",1748.0,4.5
2008-09,2008,September,"High School Graduates, No College",2364.0,6.2
2009-09,2009,September,"High School Graduates, No College",4010.0,10.6
2010-09,2010,September,"High School Graduates, No College",3674.0,9.7
2011-09,2011,September,"High School Graduates, No College",3511.0,9.4
2012-09,2012,September,"High School Graduates, No College",3105.0,8.5
2013-09,2013,September,"High School Graduates, No College",2765.0,7.6
2014-09,2014,September,"High School Graduates, No College",1944.0,5.4
2015-09,2015,September,"High School Graduates, No College",1870.0,5.3
2016-09,2016,September,"High School Graduates, No College",1868.0,5.2
2017-09,2017,September,"High School Graduates, No College",1552.0,4.3
2018-09,2018,September,"High School Graduates, No College",1341.0,3.7
2019-09,2019,September,"High School Graduates, No College",1292.0,3.5
2020-09,2020,September,"High School Graduates, No College",3200.0,9.1
2021-09,2021,September,"High School Graduates, No College",2007.0,5.7
2022-09,2022,September,"High School Graduates, No College",1307.0,3.7
1993-10,1993,October,"High School Graduates, No College",2416.0,6.3
1994-10,1994,October,"High School Graduates, No College",1815.0,4.9
1995-10,1995,October,"High School Graduates, No College",1638.0,4.5
1996-10,1996,October,"High School Graduates, No College",1723.0,4.6
1997-10,1997,October,"High School Graduates, No College",1562.0,4.1
1998-10,1998,October,"High School Graduates, No College",1515.0,4.0
1999-10,1999,October,"High School Graduates, No College",1246.0,3.4
2000-10,2000,October,"High School Graduates, No College",1334.0,3.6
2001-10,2001,October,"High School Graduates, No College",1766.0,4.7
2002-10,2002,October,"High School Graduates, No College",1870.0,4.9
2003-10,2003,October,"High School Graduates, No College",2071.0,5.5
2004-10,2004,October,"High School Graduates, No College",1822.0,4.8
2005-10,2005,October,"High School Graduates, No College",1836.0,4.8
2006-10,2006,October,"High School Graduates, No College",1580.0,4.1
2007-10,2007,October,"High School Graduates, No College",1781.0,4.6
2008-10,2008,October,"High School Graduates, No College",2460.0,6.4
2009-10,2009,October,"High School Graduates, No College",4194.0,11.0
2010-10,2010,October,"High School Graduates, No College",3715.0,9.8
2011-10,2011,October,"High School Graduates, No College",3504.0,9.4
2012-10,2012,October,"High School Graduates, No College",3022.0,8.3
2013-10,2013,October,"High School Graduates, No College",2614.0,7.2
2014-10,2014,October,"High School Graduates, No College",2066.0,5.7
2015-10,2015,October,"High School Graduates, No College",1841.0,5.2
2016-10,2016,October,"High School Graduates, No College",1968.0,5.5
2017-10,2017,October,"High School Graduates, No College",1506.0,4.2
2018-10,2018,October,"High School Graduates, No College",1437.0,4.0
2019-10,2019,October,"High School Graduates, No College",1333.0,3.7
2020-10,2020,October,"High School Graduates, No College",2894.0,8.1
2021-10,2021,October,"High School Graduates, No College",1871.0,5.3
2022-10,2022,October,"High School Graduates, No College",1378.0,3.9
1993-11,1993,November,"High School Graduates, No College",2253.0,6.0
1994-11,1994,November,"High School Graduates, No College",1786.0,4.8
1995-11,1995,November,"High School Graduates, No College",1746.0,4.8
1996-11,1996,November,"High School Graduates, No College",1725.0,4.6
1997-11,1997,November,"High School Graduates, No College",1446.0,3.8
1998-11,1998,November,"High School Graduates, No College",1468.0,3.9
1999-11,1999,November,"High School Graduates, No College",1217.0,3.2
2000-11,2000,November,"High School Graduates, No College",1318.0,3.5
2001-11,2001,November,"High School Graduates, No College",1854.0,5.0
2002-11,2002,November,"High School Graduates, No College",1965.0,5.2
2003-11,2003,November,"High School Graduates, No College",2020.0,5.3
2004-11,2004,November,"High School Graduates, No College",1814.0,4.8
2005-11,2005,November,"High School Graduates, No College",1823.0,4.8
2006-11,2006,November,"High School Graduates, No College",1672.0,4.3
2007-11,2007,November,"High School Graduates, No College",1751.0,4.5
2008-11,2008,November,"High School Graduates, No College",2677.0,7.0
2009-11,2009,November,"High School Graduates, No College",3920.0,10.3
2010-11,2010,November,"High School Graduates, No College",3760.0,10.0
2011-11,2011,November,"High School Graduates, No College",3251.0,8.8
2012-11,2012,November,"High School Graduates, No College",2945.0,8.0
2013-11,2013,November,"High School Graduates, No College",2587.0,7.2
2014-11,2014,November,"High School Graduates, No College",2020.0,5.7
2015-11,2015,November,"High School Graduates, No College",1920.0,5.4
2016-11,2016,November,"High School Graduates, No College",1794.0,5.0
2017-11,2017,November,"High School Graduates, No College",1586.0,4.4
2018-11,2018,November,"High School Graduates, No College",1257.0,3.5
2019-11,2019,November,"High School Graduates, No College",1316.0,3.6
2020-11,2020,November,"High School Graduates, No College",2735.0,7.8
2021-11,2021,November,"High School Graduates, No College",1802.0,5.1
2022-11,2022,November,"High School Graduates, No College",1377.0,3.9
1993-12,1993,December,"High School Graduates, No College",2241.0,5.9
1994-12,1994,December,"High School Graduates, No College",1729.0,4.7
1995-12,1995,December,"High School Graduates, No College",1733.0,4.7
1996-12,1996,December,"High School Graduates, No College",1700.0,4.5
1997-12,1997,December,"High School Graduates, No College",1528.0,4.0
1998-12,1998,December,"High School Graduates, No College",1413.0,3.8
1999-12,1999,December,"High School Graduates, No College",1319.0,3.5
2000-12,2000,December,"High School Graduates, No College",1318.0,3.5
2001-12,2001,December,"High School Graduates, No College",1853.0,4.9
2002-12,2002,December,"High School Graduates, No College",2004.0,5.3
2003-12,2003,December,"High School Graduates, No College",2055.0,5.4
2004-12,2004,December,"High School Graduates, No College",1805.0,4.8
2005-12,2005,December,"High School Graduates, No College",1716.0,4.5
2006-12,2006,December,"High School Graduates, No College",1637.0,4.3
2007-12,2007,December,"High School Graduates, No College",1803.0,4.7
2008-12,2008,December,"High School Graduates, No College",3002.0,7.8
2009-12,2009,December,"High School Graduates, No College",3974.0,10.6
2010-12,2010,December,"High School Graduates, No College",3712.0,9.8
2011-12,2011,December,"High School Graduates, No College",3192.0,8.7
2012-12,2012,December,"High School Graduates, No College",2925.0,8.0
2013-12,2013,December,"High School Graduates, No College",2548.0,7.0
2014-12,2014,December,"High School Graduates, No College",1863.0,5.3
2015-12,2015,December,"High School Graduates, No College",1942.0,5.6
2016-12,2016,December,"High School Graduates, No College",1803.0,5.1
2017-12,2017,December,"High School Graduates, No College",1520.0,4.2
2018-12,2018,December,"High School Graduates, No College",1381.0,3.8
2019-12,2019,December,"High School Graduates, No College",1339.0,3.7
2020-12,2020,December,"High School Graduates, No College",2750.0,7.9
2021-12,2021,December,"High School Graduates, No College",1629.0,4.5
2022-12,2022,December,"High School Graduates, No College",1266.0,3.6
1993-01,1993,January,Less than High School Diploma,1417.0,11.1
1994-01,1994,January,Less than High School Diploma,1296.0,10.7
1995-01,1995,January,Less than High School Diploma,1121.0,9.2
1996-01,1996,January,Less than High School Diploma,1069.0,8.7
1997-01,1997,January,Less than High School Diploma,1107.0,8.8
1998-01,1998,January,Less than High School Diploma,878.0,7.0
1999-01,1999,January,Less than High School Diploma,877.0,7.1
2000-01,2000,January,Less than High School Diploma,793.0,6.4
2001-01,2001,January,Less than High School Diploma,833.0,6.7
2002-01,2002,January,Less than High School Diploma,1041.0,8.2
2003-01,2003,January,Less than High School Diploma,1104.0,8.8
2004-01,2004,January,Less than High School Diploma,1117.0,9.1
2005-01,2005,January,Less than High School Diploma,972.0,7.7
2006-01,2006,January,Less than High School Diploma,888.0,7.0
2007-01,2007,January,Less than High School Diploma,882.0,6.9
2008-01,2008,January,Less than High School Diploma,951.0,7.7
2009-01,2009,January,Less than High School Diploma,1506.0,12.4
2010-01,2010,January,Less than High School Diploma,1826.0,15.3
2011-01,2011,January,Less than High School Diploma,1645.0,14.3
2012-01,2012,January,Less than High School Diploma,1487.0,13.0
2013-01,2013,January,Less than High School Diploma,1334.0,12.0
2014-01,2014,January,Less than High School Diploma,1010.0,9.4
2015-01,2015,January,Less than High School Diploma,939.0,8.3
2016-01,2016,January,Less than High School Diploma,775.0,7.1
2017-01,2017,January,Less than High School Diploma,778.0,7.4
2018-01,2018,January,Less than High School Diploma,567.0,5.4
2019-01,2019,January,Less than High School Diploma,580.0,5.7
2020-01,2020,January,Less than High School Diploma,542.0,5.6
2021-01,2021,January,Less than High School Diploma,831.0,9.0
2022-01,2022,January,Less than High School Diploma,551.0,6.3
2023-01,2023,January,Less than High School Diploma,397.0,4.5
1993-02,1993,February,Less than High School Diploma,1428.0,11.1
1994-02,1994,February,Less than High School Diploma,1276.0,10.4
1995-02,1995,February,Less than High School Diploma,1079.0,8.9
1996-02,1996,February,Less than High School Diploma,1096.0,8.9
1997-02,1997,February,Less than High School Diploma,1109.0,8.8
1998-02,1998,February,Less than High School Diploma,894.0,7.1
1999-02,1999,February,Less than High School Diploma,914.0,7.5
2000-02,2000,February,Less than High School Diploma,748.0,6.0
2001-02,2001,February,Less than High School Diploma,944.0,7.5
2002-02,2002,February,Less than High School Diploma,1057.0,8.3
2003-02,2003,February,Less than High School Diploma,1122.0,8.9
2004-02,2004,February,Less than High School Diploma,1078.0,8.6
2005-02,2005,February,Less than High School Diploma,984.0,7.8
2006-02,2006,February,Less than High School Diploma,906.0,7.1
2007-02,2007,February,Less than High School Diploma,958.0,7.3
2008-02,2008,February,Less than High School Diploma,900.0,7.4
2009-02,2009,February,Less than High School Diploma,1607.0,13.2
2010-02,2010,February,Less than High School Diploma,1837.0,15.8
2011-02,2011,February,Less than High School Diploma,1583.0,14.0
2012-02,2012,February,Less than High School Diploma,1494.0,13.1
2013-02,2013,February,Less than High School Diploma,1254.0,11.3
2014-02,2014,February,Less than High School Diploma,1092.0,9.8
2015-02,2015,February,Less than High School Diploma,919.0,8.2
2016-02,2016,February,Less than High School Diploma,746.0,7.0
2017-02,2017,February,Less than High School Diploma,772.0,7.5
2018-02,2018,February,Less than High School Diploma,585.0,5.7
2019-02,2019,February,Less than High School Diploma,550.0,5.4
2020-02,2020,February,Less than High School Diploma,563.0,5.8
2021-02,2021,February,Less than High School Diploma,914.0,10.2
2022-02,2022,February,Less than High School Diploma,402.0,4.5
2023-02,2023,February,Less than High School Diploma,536.0,5.8
1993-03,1993,March,Less than High School Diploma,1387.0,10.9
1994-03,1994,March,Less than High School Diploma,1280.0,10.5
1995-03,1995,March,Less than High School Diploma,953.0,8.0
1996-03,1996,March,Less than High School Diploma,1142.0,9.2
1997-03,1997,March,Less than High School Diploma,1059.0,8.3
1998-03,1998,March,Less than High School Diploma,890.0,7.1
1999-03,1999,March,Less than High School Diploma,735.0,6.1
2000-03,2000,March,Less than High School Diploma,803.0,6.6
2001-03,2001,March,Less than High School Diploma,854.0,6.8
2002-03,2002,March,Less than High School Diploma,1032.0,8.1
2003-03,2003,March,Less than High School Diploma,1111.0,8.6
2004-03,2004,March,Less than High School Diploma,1099.0,8.8
2005-03,2005,March,Less than High School Diploma,978.0,7.8
2006-03,2006,March,Less than High School Diploma,879.0,6.9
2007-03,2007,March,Less than High School Diploma,906.0,6.9
2008-03,2008,March,Less than High School Diploma,1025.0,8.4
2009-03,2009,March,Less than High School Diploma,1714.0,14.0
2010-03,2010,March,Less than High School Diploma,1764.0,14.9
2011-03,2011,March,Less than High School Diploma,1633.0,14.1
2012-03,2012,March,Less than High School Diploma,1453.0,12.8
2013-03,2013,March,Less than High School Diploma,1240.0,11.1
2014-03,2014,March,Less than High School Diploma,1047.0,9.4
2015-03,2015,March,Less than High School Diploma,952.0,8.6
2016-03,2016,March,Less than High School Diploma,795.0,7.3
2017-03,2017,March,Less than High School Diploma,665.0,6.5
2018-03,2018,March,Less than High School Diploma,564.0,5.5
2019-03,2019,March,Less than High School Diploma,594.0,5.9
2020-03,2020,March,Less than High School Diploma,651.0,7.0
2021-03,2021,March,Less than High School Diploma,745.0,8.4
2022-03,2022,March,Less than High School Diploma,482.0,5.3
2023-03,2023,March,Less than High School Diploma,441.0,4.8
1993-04,1993,April,Less than High School Diploma,1377.0,10.9
1994-04,1994,April,Less than High School Diploma,1233.0,10.1
1995-04,1995,April,Less than High School Diploma,1072.0,8.8
1996-04,1996,April,Less than High School Diploma,1136.0,9.1
1997-04,1997,April,Less than High School Diploma,1051.0,8.4
1998-04,1998,April,Less than High School Diploma,920.0,7.2
1999-04,1999,April,Less than High School Diploma,815.0,6.9
2000-04,2000,April,Less than High School Diploma,760.0,6.2
2001-04,2001,April,Less than High School Diploma,861.0,6.8
2002-04,2002,April,Less than High School Diploma,1179.0,9.1
2003-04,2003,April,Less than High School Diploma,1091.0,8.5
2004-04,2004,April,Less than High School Diploma,1035.0,8.6
2005-04,2005,April,Less than High School Diploma,1031.0,8.2
2006-04,2006,April,Less than High School Diploma,883.0,6.9
2007-04,2007,April,Less than High School Diploma,896.0,7.1
2008-04,2008,April,Less than High School Diploma,934.0,7.7
2009-04,2009,April,Less than High School Diploma,1788.0,14.9
2010-04,2010,April,Less than High School Diploma,1776.0,14.7
2011-04,2011,April,Less than High School Diploma,1698.0,14.7
2012-04,2012,April,Less than High School Diploma,1409.0,12.5
2013-04,2013,April,Less than High School Diploma,1259.0,11.6
2014-04,2014,April,Less than High School Diploma,934.0,8.7
2015-04,2015,April,Less than High School Diploma,956.0,8.4
2016-04,2016,April,Less than High School Diploma,828.0,7.6
2017-04,2017,April,Less than High School Diploma,663.0,6.5
2018-04,2018,April,Less than High School Diploma,607.0,5.9
2019-04,2019,April,Less than High School Diploma,530.0,5.3
2020-04,2020,April,Less than High School Diploma,1819.0,21.2
2021-04,2021,April,Less than High School Diploma,837.0,9.4
2022-04,2022,April,Less than High School Diploma,494.0,5.4
2023-04,2023,April,Less than High School Diploma,487.0,5.4
1993-05,1993,May,Less than High School Diploma,1357.0,10.8
1994-05,1994,May,Less than High School Diploma,1136.0,9.3
1995-05,1995,May,Less than High School Diploma,1050.0,8.7
1996-05,1996,May,Less than High School Diploma,1214.0,9.7
1997-05,1997,May,Less than High School Diploma,1072.0,8.5
1998-05,1998,May,Less than High School Diploma,888.0,7.0
1999-05,1999,May,Less than High School Diploma,803.0,6.8
2000-05,2000,May,Less than High School Diploma,845.0,6.9
2001-05,2001,May,Less than High School Diploma,828.0,6.6
2002-05,2002,May,Less than High School Diploma,1064.0,8.3
2003-05,2003,May,Less than High School Diploma,1145.0,9.0
2004-05,2004,May,Less than High School Diploma,1073.0,8.8
2005-05,2005,May,Less than High School Diploma,993.0,7.8
2006-05,2006,May,Less than High School Diploma,898.0,7.0
2007-05,2007,May,Less than High School Diploma,818.0,6.6
2008-05,2008,May,Less than High School Diploma,987.0,8.1
2009-05,2009,May,Less than High School Diploma,1852.0,15.2
2010-05,2010,May,Less than High School Diploma,1770.0,14.6
2011-05,2011,May,Less than High School Diploma,1656.0,14.5
2012-05,2012,May,Less than High School Diploma,1470.0,12.9
2013-05,2013,May,Less than High School Diploma,1226.0,11.0
2014-05,2014,May,Less than High School Diploma,991.0,9.2
2015-05,2015,May,Less than High School Diploma,970.0,8.7
2016-05,2016,May,Less than High School Diploma,779.0,7.4
2017-05,2017,May,Less than High School Diploma,638.0,6.1
2018-05,2018,May,Less than High School Diploma,539.0,5.2
2019-05,2019,May,Less than High School Diploma,504.0,5.1
2020-05,2020,May,Less than High School Diploma,1614.0,19.6
2021-05,2021,May,Less than High School Diploma,780.0,9.0
2022-05,2022,May,Less than High School Diploma,475.0,5.2
2023-05,2023,May,Less than High School Diploma,519.0,5.7
1993-06,1993,June,Less than High School Diploma,1402.0,11.2
1994-06,1994,June,Less than High School Diploma,1183.0,9.7
1995-06,1995,June,Less than High School Diploma,1038.0,8.7
1996-06,1996,June,Less than High School Diploma,1068.0,8.6
1997-06,1997,June,Less than High School Diploma,1029.0,8.2
1998-06,1998,June,Less than High School Diploma,923.0,7.2
1999-06,1999,June,Less than High School Diploma,826.0,6.8
2000-06,2000,June,Less than High School Diploma,785.0,6.3
2001-06,2001,June,Less than High School Diploma,870.0,6.9
2002-06,2002,June,Less than High School Diploma,992.0,7.8
2003-06,2003,June,Less than High School Diploma,1169.0,9.4
2004-06,2004,June,Less than High School Diploma,1072.0,8.7
2005-06,2005,June,Less than High School Diploma,885.0,6.9
2006-06,2006,June,Less than High School Diploma,905.0,7.1
2007-06,2007,June,Less than High School Diploma,800.0,6.7
2008-06,2008,June,Less than High School Diploma,1060.0,8.7
2009-06,2009,June,Less than High School Diploma,1918.0,15.6
2010-06,2010,June,Less than High School Diploma,1714.0,14.2
2011-06,2011,June,Less than High School Diploma,1644.0,14.4
2012-06,2012,June,Less than High School Diploma,1443.0,12.6
2013-06,2013,June,Less than High School Diploma,1203.0,10.7
2014-06,2014,June,Less than High School Diploma,972.0,9.2
2015-06,2015,June,Less than High School Diploma,907.0,8.2
2016-06,2016,June,Less than High School Diploma,805.0,7.6
2017-06,2017,June,Less than High School Diploma,671.0,6.5
2018-06,2018,June,Less than High School Diploma,576.0,5.5
2019-06,2019,June,Less than High School Diploma,524.0,5.2
2020-06,2020,June,Less than High School Diploma,1373.0,16.5
2021-06,2021,June,Less than High School Diploma,934.0,10.3
2022-06,2022,June,Less than High School Diploma,524.0,5.7
2023-06,2023,June,Less than High School Diploma,552.0,6.0
1993-07,1993,July,Less than High School Diploma,1329.0,10.4
1994-07,1994,July,Less than High School Diploma,1198.0,9.8
1995-07,1995,July,Less than High School Diploma,1066.0,9.0
1996-07,1996,July,Less than High School Diploma,1090.0,8.8
1997-07,1997,July,Less than High School Diploma,972.0,7.7
1998-07,1998,July,Less than High School Diploma,906.0,7.2
1999-07,1999,July,Less than High School Diploma,829.0,6.9
2000-07,2000,July,Less than High School Diploma,816.0,6.4
2001-07,2001,July,Less than High School Diploma,865.0,6.8
2002-07,2002,July,Less than High School Diploma,1075.0,8.6
2003-07,2003,July,Less than High School Diploma,1102.0,8.8
2004-07,2004,July,Less than High School Diploma,1017.0,8.2
2005-07,2005,July,Less than High School Diploma,986.0,7.5
2006-07,2006,July,Less than High School Diploma,904.0,7.1
2007-07,2007,July,Less than High School Diploma,878.0,7.3
2008-07,2008,July,Less than High School Diploma,1042.0,8.6
2009-07,2009,July,Less than High School Diploma,1884.0,15.3
2010-07,2010,July,Less than High School Diploma,1608.0,13.5
2011-07,2011,July,Less than High School Diploma,1693.0,14.5
2012-07,2012,July,Less than High School Diploma,1425.0,12.4
2013-07,2013,July,Less than High School Diploma,1181.0,10.8
2014-07,2014,July,Less than High School Diploma,976.0,9.5
2015-07,2015,July,Less than High School Diploma,900.0,8.3
2016-07,2016,July,Less than High School Diploma,687.0,6.5
2017-07,2017,July,Less than High School Diploma,752.0,7.1
2018-07,2018,July,Less than High School Diploma,508.0,5.0
2019-07,2019,July,Less than High School Diploma,487.0,4.9
2020-07,2020,July,Less than High School Diploma,1238.0,15.0
2021-07,2021,July,Less than High School Diploma,859.0,9.3
2022-07,2022,July,Less than High School Diploma,518.0,5.8
2023-07,2023,July,Less than High School Diploma,467.0,5.2
1993-08,1993,Augest,Less than High School Diploma,1323.0,10.5
1994-08,1994,Augest,Less than High School Diploma,1196.0,9.8
1995-08,1995,Augest,Less than High School Diploma,1114.0,9.5
1996-08,1996,Augest,Less than High School Diploma,1052.0,8.5
1997-08,1997,Augest,Less than High School Diploma,953.0,7.6
1998-08,1998,Augest,Less than High School Diploma,881.0,7.1
1999-08,1999,Augest,Less than High School Diploma,870.0,7.1
2000-08,2000,Augest,Less than High School Diploma,794.0,6.2
2001-08,2001,Augest,Less than High School Diploma,906.0,7.2
2002-08,2002,Augest,Less than High School Diploma,1035.0,8.4
2003-08,2003,Augest,Less than High School Diploma,1172.0,9.3
2004-08,2004,Augest,Less than High School Diploma,1013.0,8.1
2005-08,2005,Augest,Less than High School Diploma,967.0,7.5
2006-08,2006,Augest,Less than High School Diploma,870.0,6.8
2007-08,2007,Augest,Less than High School Diploma,785.0,6.5
2008-08,2008,Augest,Less than High School Diploma,1172.0,9.7
2009-08,2009,Augest,Less than High School Diploma,1922.0,15.6
2010-08,2010,Augest,Less than High School Diploma,1665.0,14.1
2011-08,2011,Augest,Less than High School Diploma,1657.0,14.1
2012-08,2012,Augest,Less than High School Diploma,1328.0,11.8
2013-08,2013,Augest,Less than High School Diploma,1228.0,11.1
2014-08,2014,Augest,Less than High School Diploma,986.0,9.2
2015-08,2015,Augest,Less than High School Diploma,839.0,7.9
2016-08,2016,Augest,Less than High School Diploma,791.0,7.4
2017-08,2017,Augest,Less than High School Diploma,646.0,6.1
2018-08,2018,Augest,Less than High School Diploma,581.0,5.6
2019-08,2019,Augest,Less than High School Diploma,541.0,5.4
2020-08,2020,Augest,Less than High School Diploma,1071.0,12.5
2021-08,2021,Augest,Less than High School Diploma,708.0,7.7
2022-08,2022,Augest,Less than High School Diploma,530.0,6.1
2023-08,2023,Augest,Less than High School Diploma,496.0,5.4
1993-09,1993,September,Less than High School Diploma,1326.0,10.7
1994-09,1994,September,Less than High School Diploma,1179.0,9.6
1995-09,1995,September,Less than High School Diploma,1101.0,9.1
1996-09,1996,September,Less than High School Diploma,1010.0,8.2
1997-09,1997,September,Less than High School Diploma,1004.0,8.0
1998-09,1998,September,Less than High School Diploma,867.0,6.9
1999-09,1999,September,Less than High School Diploma,836.0,6.9
2000-09,2000,September,Less than High School Diploma,790.0,6.2
2001-09,2001,September,Less than High School Diploma,964.0,7.7
2002-09,2002,September,Less than High School Diploma,965.0,7.8
2003-09,2003,September,Less than High School Diploma,1073.0,8.6
2004-09,2004,September,Less than High School Diploma,1103.0,8.7
2005-09,2005,September,Less than High School Diploma,1046.0,8.2
2006-09,2006,September,Less than High School Diploma,815.0,6.4
2007-09,2007,September,Less than High School Diploma,918.0,7.6
2008-09,2008,September,Less than High School Diploma,1178.0,9.8
2009-09,2009,September,Less than High School Diploma,1814.0,14.9
2010-09,2010,September,Less than High School Diploma,1843.0,15.6
2011-09,2011,September,Less than High School Diploma,1690.0,14.3
2012-09,2012,September,Less than High School Diploma,1322.0,11.7
2013-09,2013,September,Less than High School Diploma,1153.0,10.5
2014-09,2014,September,Less than High School Diploma,911.0,8.5
2015-09,2015,September,Less than High School Diploma,839.0,7.9
2016-09,2016,September,Less than High School Diploma,932.0,8.7
2017-09,2017,September,Less than High School Diploma,706.0,6.7
2018-09,2018,September,Less than High School Diploma,579.0,5.7
2019-09,2019,September,Less than High School Diploma,481.0,4.9
2020-09,2020,September,Less than High School Diploma,934.0,10.6
2021-09,2021,September,Less than High School Diploma,699.0,7.6
2022-09,2022,September,Less than High School Diploma,499.0,5.5
1993-10,1993,October,Less than High School Diploma,1332.0,10.7
1994-10,1994,October,Less than High School Diploma,1201.0,9.7
1995-10,1995,October,Less than High School Diploma,1103.0,9.1
1996-10,1996,October,Less than High School Diploma,963.0,7.8
1997-10,1997,October,Less than High School Diploma,969.0,7.8
1998-10,1998,October,Less than High School Diploma,850.0,6.9
1999-10,1999,October,Less than High School Diploma,809.0,6.6
2000-10,2000,October,Less than High School Diploma,820.0,6.4
2001-10,2001,October,Less than High School Diploma,966.0,7.6
2002-10,2002,October,Less than High School Diploma,1080.0,8.7
2003-10,2003,October,Less than High School Diploma,1144.0,9.0
2004-10,2004,October,Less than High School Diploma,1057.0,8.4
2005-10,2005,October,Less than High School Diploma,917.0,7.3
2006-10,2006,October,Less than High School Diploma,741.0,5.8
2007-10,2007,October,Less than High School Diploma,882.0,7.3
2008-10,2008,October,Less than High School Diploma,1269.0,10.3
2009-10,2009,October,Less than High School Diploma,1833.0,15.2
2010-10,2010,October,Less than High School Diploma,1762.0,15.0
2011-10,2011,October,Less than High School Diploma,1587.0,13.5
2012-10,2012,October,Less than High School Diploma,1371.0,12.1
2013-10,2013,October,Less than High School Diploma,1180.0,10.9
2014-10,2014,October,Less than High School Diploma,881.0,8.1
2015-10,2015,October,Less than High School Diploma,811.0,7.6
2016-10,2016,October,Less than High School Diploma,794.0,7.5
2017-10,2017,October,Less than High School Diploma,620.0,6.0
2018-10,2018,October,Less than High School Diploma,603.0,5.9
2019-10,2019,October,Less than High School Diploma,543.0,5.6
2020-10,2020,October,Less than High School Diploma,899.0,9.8
2021-10,2021,October,Less than High School Diploma,643.0,7.1
2022-10,2022,October,Less than High School Diploma,567.0,6.2
1993-11,1993,November,Less than High School Diploma,1285.0,10.5
1994-11,1994,November,Less than High School Diploma,1142.0,9.2
1995-11,1995,November,Less than High School Diploma,1131.0,9.3
1996-11,1996,November,Less than High School Diploma,1044.0,8.4
1997-11,1997,November,Less than High School Diploma,919.0,7.4
1998-11,1998,November,Less than High School Diploma,885.0,7.1
1999-11,1999,November,Less than High School Diploma,786.0,6.4
2000-11,2000,November,Less than High School Diploma,818.0,6.5
2001-11,2001,November,Less than High School Diploma,998.0,8.0
2002-11,2002,November,Less than High School Diploma,1122.0,9.0
2003-11,2003,November,Less than High School Diploma,1102.0,8.7
2004-11,2004,November,Less than High School Diploma,1021.0,8.0
2005-11,2005,November,Less than High School Diploma,935.0,7.4
2006-11,2006,November,Less than High School Diploma,836.0,6.6
2007-11,2007,November,Less than High School Diploma,944.0,7.7
2008-11,2008,November,Less than High School Diploma,1309.0,10.8
2009-11,2009,November,Less than High School Diploma,1762.0,14.7
2010-11,2010,November,Less than High School Diploma,1814.0,15.4
2011-11,2011,November,Less than High School Diploma,1497.0,12.8
2012-11,2012,November,Less than High School Diploma,1321.0,12.0
2013-11,2013,November,Less than High School Diploma,1158.0,10.7
2014-11,2014,November,Less than High School Diploma,957.0,8.6
2015-11,2015,November,Less than High School Diploma,742.0,6.8
2016-11,2016,November,Less than High School Diploma,829.0,7.9
2017-11,2017,November,Less than High School Diploma,549.0,5.4
2018-11,2018,November,Less than High School Diploma,597.0,5.9
2019-11,2019,November,Less than High School Diploma,545.0,5.6
2020-11,2020,November,Less than High School Diploma,883.0,9.4
2021-11,2021,November,Less than High School Diploma,506.0,5.7
2022-11,2022,November,Less than High School Diploma,395.0,4.4
1993-12,1993,December,Less than High School Diploma,1341.0,11.0
1994-12,1994,December,Less than High School Diploma,1041.0,8.5
1995-12,1995,December,Less than High School Diploma,1114.0,9.2
1996-12,1996,December,Less than High School Diploma,1041.0,8.3
1997-12,1997,December,Less than High School Diploma,942.0,7.5
1998-12,1998,December,Less than High School Diploma,863.0,6.9
1999-12,1999,December,Less than High School Diploma,695.0,5.8
2000-12,2000,December,Less than High School Diploma,728.0,5.9
2001-12,2001,December,Less than High School Diploma,1049.0,8.3
2002-12,2002,December,Less than High School Diploma,1116.0,8.9
2003-12,2003,December,Less than High School Diploma,991.0,7.9
2004-12,2004,December,Less than High School Diploma,1035.0,8.1
2005-12,2005,December,Less than High School Diploma,919.0,7.4
2006-12,2006,December,Less than High School Diploma,856.0,6.7
2007-12,2007,December,Less than High School Diploma,946.0,7.7
2008-12,2008,December,Less than High School Diploma,1342.0,11.1
2009-12,2009,December,Less than High School Diploma,1792.0,15.0
2010-12,2010,December,Less than High School Diploma,1752.0,15.0
2011-12,2011,December,Less than High School Diploma,1599.0,13.7
2012-12,2012,December,Less than High School Diploma,1312.0,11.8
2013-12,2013,December,Less than High School Diploma,1058.0,9.8
2014-12,2014,December,Less than High School Diploma,955.0,8.6
2015-12,2015,December,Less than High School Diploma,695.0,6.4
2016-12,2016,December,Less than High School Diploma,781.0,7.5
2017-12,2017,December,Less than High School Diploma,632.0,6.3
2018-12,2018,December,Less than High School Diploma,607.0,5.9
2019-12,2019,December,Less than High School Diploma,537.0,5.4
2020-12,2020,December,Less than High School Diploma,908.0,9.9
2021-12,2021,December,Less than High School Diploma,467.0,5.3
2022-12,2022,December,Less than High School Diploma,442.0,5.0
1993-01,1993,January,Other College or Associate Degree,1543.0,5.6
1994-01,1994,January,Other College or Associate Degree,1424.0,4.8
1995-01,1995,January,Other College or Associate Degree,1211.0,4.0
1996-01,1996,January,Other College or Associate Degree,1211.0,3.9
1997-01,1997,January,Other College or Associate Degree,1099.0,3.5
1998-01,1998,January,Other College or Associate Degree,1009.0,3.2
1999-01,1999,January,Other College or Associate Degree,941.0,2.9
2000-01,2000,January,Other College or Associate Degree,862.0,2.6
2001-01,2001,January,Other College or Associate Degree,991.0,3.0
2002-01,2002,January,Other College or Associate Degree,1433.0,4.3
2003-01,2003,January,Other College or Associate Degree,1628.0,4.7
2004-01,2004,January,Other College or Associate Degree,1524.0,4.5
2005-01,2005,January,Other College or Associate Degree,1413.0,4.1
2006-01,2006,January,Other College or Associate Degree,1267.0,3.6
2007-01,2007,January,Other College or Associate Degree,1334.0,3.8
2008-01,2008,January,Other College or Associate Degree,1358.0,3.7
2009-01,2009,January,Other College or Associate Degree,2383.0,6.5
2010-01,2010,January,Other College or Associate Degree,3153.0,8.6
2011-01,2011,January,Other College or Associate Degree,2968.0,8.1
2012-01,2012,January,Other College or Associate Degree,2660.0,7.1
2013-01,2013,January,Other College or Associate Degree,2575.0,6.9
2014-01,2014,January,Other College or Associate Degree,2156.0,5.9
2015-01,2015,January,Other College or Associate Degree,1945.0,5.2
2016-01,2016,January,Other College or Associate Degree,1629.0,4.3
2017-01,2017,January,Other College or Associate Degree,1468.0,3.9
2018-01,2018,January,Other College or Associate Degree,1300.0,3.4
2019-01,2019,January,Other College or Associate Degree,1290.0,3.4
2020-01,2020,January,Other College or Associate Degree,1062.0,2.8
2021-01,2021,January,Other College or Associate Degree,2166.0,6.1
2022-01,2022,January,Other College or Associate Degree,1242.0,3.5
2023-01,2023,January,Other College or Associate Degree,1036.0,2.9
1993-02,1993,February,Other College or Associate Degree,1528.0,5.5
1994-02,1994,February,Other College or Associate Degree,1444.0,4.8
1995-02,1995,February,Other College or Associate Degree,1137.0,3.7
1996-02,1996,February,Other College or Associate Degree,1159.0,3.8
1997-02,1997,February,Other College or Associate Degree,1079.0,3.5
1998-02,1998,February,Other College or Associate Degree,958.0,3.1
1999-02,1999,February,Other College or Associate Degree,993.0,3.1
2000-02,2000,February,Other College or Associate Degree,973.0,3.0
2001-02,2001,February,Other College or Associate Degree,933.0,2.8
2002-02,2002,February,Other College or Associate Degree,1419.0,4.2
2003-02,2003,February,Other College or Associate Degree,1615.0,4.7
2004-02,2004,February,Other College or Associate Degree,1470.0,4.3
2005-02,2005,February,Other College or Associate Degree,1445.0,4.2
2006-02,2006,February,Other College or Associate Degree,1304.0,3.6
2007-02,2007,February,Other College or Associate Degree,1250.0,3.6
2008-02,2008,February,Other College or Associate Degree,1385.0,3.8
2009-02,2009,February,Other College or Associate Degree,2697.0,7.3
2010-02,2010,February,Other College or Associate Degree,2960.0,8.1
2011-02,2011,February,Other College or Associate Degree,2889.0,7.9
2012-02,2012,February,Other College or Associate Degree,2695.0,7.2
2013-02,2013,February,Other College or Associate Degree,2436.0,6.5
2014-02,2014,February,Other College or Associate Degree,2211.0,6.0
2015-02,2015,February,Other College or Associate Degree,1858.0,5.0
2016-02,2016,February,Other College or Associate Degree,1621.0,4.3
2017-02,2017,February,Other College or Associate Degree,1544.0,4.1
2018-02,2018,February,Other College or Associate Degree,1329.0,3.5
2019-02,2019,February,Other College or Associate Degree,1183.0,3.2
2020-02,2020,February,Other College or Associate Degree,1139.0,3.0
2021-02,2021,February,Other College or Associate Degree,2034.0,5.7
2022-02,2022,February,Other College or Associate Degree,1301.0,3.7
2023-02,2023,February,Other College or Associate Degree,1167.0,3.2
1993-03,1993,March,Other College or Associate Degree,1470.0,5.3
1994-03,1994,March,Other College or Associate Degree,1380.0,4.6
1995-03,1995,March,Other College or Associate Degree,1258.0,4.1
1996-03,1996,March,Other College or Associate Degree,1144.0,3.7
1997-03,1997,March,Other College or Associate Degree,1098.0,3.5
1998-03,1998,March,Other College or Associate Degree,1015.0,3.2
1999-03,1999,March,Other College or Associate Degree,914.0,2.9
2000-03,2000,March,Other College or Associate Degree,916.0,2.8
2001-03,2001,March,Other College or Associate Degree,918.0,2.7
2002-03,2002,March,Other College or Associate Degree,1450.0,4.3
2003-03,2003,March,Other College or Associate Degree,1638.0,4.8
2004-03,2004,March,Other College or Associate Degree,1624.0,4.7
2005-03,2005,March,Other College or Associate Degree,1364.0,3.9
2006-03,2006,March,Other College or Associate Degree,1325.0,3.7
2007-03,2007,March,Other College or Associate Degree,1260.0,3.6
2008-03,2008,March,Other College or Associate Degree,1433.0,3.9
2009-03,2009,March,Other College or Associate Degree,2759.0,7.5
2010-03,2010,March,Other College or Associate Degree,3079.0,8.4
2011-03,2011,March,Other College or Associate Degree,2757.0,7.5
2012-03,2012,March,Other College or Associate Degree,2826.0,7.5
2013-03,2013,March,Other College or Associate Degree,2348.0,6.3
2014-03,2014,March,Other College or Associate Degree,2217.0,6.0
2015-03,2015,March,Other College or Associate Degree,1801.0,4.8
2016-03,2016,March,Other College or Associate Degree,1566.0,4.1
2017-03,2017,March,Other College or Associate Degree,1378.0,3.6
2018-03,2018,March,Other College or Associate Degree,1334.0,3.5
2019-03,2019,March,Other College or Associate Degree,1270.0,3.4
2020-03,2020,March,Other College or Associate Degree,1413.0,3.8
2021-03,2021,March,Other College or Associate Degree,2118.0,5.9
2022-03,2022,March,Other College or Associate Degree,1105.0,3.1
2023-03,2023,March,Other College or Associate Degree,1067.0,3.0
1993-04,1993,April,Other College or Associate Degree,1469.0,5.2
1994-04,1994,April,Other College or Associate Degree,1392.0,4.7
1995-04,1995,April,Other College or Associate Degree,1258.0,4.1
1996-04,1996,April,Other College or Associate Degree,1180.0,3.8
1997-04,1997,April,Other College or Associate Degree,1044.0,3.4
1998-04,1998,April,Other College or Associate Degree,856.0,2.7
1999-04,1999,April,Other College or Associate Degree,948.0,3.0
2000-04,2000,April,Other College or Associate Degree,857.0,2.6
2001-04,2001,April,Other College or Associate Degree,982.0,2.9
2002-04,2002,April,Other College or Associate Degree,1541.0,4.6
2003-04,2003,April,Other College or Associate Degree,1629.0,4.8
2004-04,2004,April,Other College or Associate Degree,1418.0,4.1
2005-04,2005,April,Other College or Associate Degree,1347.0,3.9
2006-04,2006,April,Other College or Associate Degree,1325.0,3.8
2007-04,2007,April,Other College or Associate Degree,1291.0,3.6
2008-04,2008,April,Other College or Associate Degree,1451.0,4.0
2009-04,2009,April,Other College or Associate Degree,2845.0,7.7
2010-04,2010,April,Other College or Associate Degree,3089.0,8.4
2011-04,2011,April,Other College or Associate Degree,2769.0,7.5
2012-04,2012,April,Other College or Associate Degree,2846.0,7.6
2013-04,2013,April,Other College or Associate Degree,2367.0,6.4
2014-04,2014,April,Other College or Associate Degree,2127.0,5.7
2015-04,2015,April,Other College or Associate Degree,1764.0,4.7
2016-04,2016,April,Other College or Associate Degree,1576.0,4.2
2017-04,2017,April,Other College or Associate Degree,1378.0,3.6
2018-04,2018,April,Other College or Associate Degree,1306.0,3.4
2019-04,2019,April,Other College or Associate Degree,1150.0,3.1
2020-04,2020,April,Other College or Associate Degree,5603.0,15.5
2021-04,2021,April,Other College or Associate Degree,2121.0,6.0
2022-04,2022,April,Other College or Associate Degree,1103.0,3.1
2023-04,2023,April,Other College or Associate Degree,1018.0,2.9
1993-05,1993,May,Other College or Associate Degree,1437.0,5.1
1994-05,1994,May,Other College or Associate Degree,1370.0,4.6
1995-05,1995,May,Other College or Associate Degree,1287.0,4.2
1996-05,1996,May,Other College or Associate Degree,1171.0,3.8
1997-05,1997,May,Other College or Associate Degree,944.0,3.0
1998-05,1998,May,Other College or Associate Degree,997.0,3.2
1999-05,1999,May,Other College or Associate Degree,925.0,2.9
2000-05,2000,May,Other College or Associate Degree,874.0,2.6
2001-05,2001,May,Other College or Associate Degree,1010.0,3.0
2002-05,2002,May,Other College or Associate Degree,1598.0,4.8
2003-05,2003,May,Other College or Associate Degree,1681.0,4.9
2004-05,2004,May,Other College or Associate Degree,1390.0,4.0
2005-05,2005,May,Other College or Associate Degree,1342.0,3.9
2006-05,2006,May,Other College or Associate Degree,1315.0,3.8
2007-05,2007,May,Other College or Associate Degree,1227.0,3.4
2008-05,2008,May,Other College or Associate Degree,1569.0,4.3
2009-05,2009,May,Other College or Associate Degree,2879.0,7.8
2010-05,2010,May,Other College or Associate Degree,3027.0,8.2
2011-05,2011,May,Other College or Associate Degree,2882.0,7.8
2012-05,2012,May,Other College or Associate Degree,2857.0,7.7
2013-05,2013,May,Other College or Associate Degree,2445.0,6.5
2014-05,2014,May,Other College or Associate Degree,2062.0,5.5
2015-05,2015,May,Other College or Associate Degree,1669.0,4.4
2016-05,2016,May,Other College or Associate Degree,1473.0,3.9
2017-05,2017,May,Other College or Associate Degree,1506.0,4.0
2018-05,2018,May,Other College or Associate Degree,1220.0,3.2
2019-05,2019,May,Other College or Associate Degree,1018.0,2.7
2020-05,2020,May,Other College or Associate Degree,5038.0,13.8
2021-05,2021,May,Other College or Associate Degree,2138.0,6.0
2022-05,2022,May,Other College or Associate Degree,1217.0,3.4
2023-05,2023,May,Other College or Associate Degree,1134.0,3.2
1993-06,1993,June,Other College or Associate Degree,1502.0,5.3
1994-06,1994,June,Other College or Associate Degree,1298.0,4.4
1995-06,1995,June,Other College or Associate Degree,1251.0,4.1
1996-06,1996,June,Other College or Associate Degree,1181.0,3.8
1997-06,1997,June,Other College or Associate Degree,1023.0,3.3
1998-06,1998,June,Other College or Associate Degree,889.0,2.8
1999-06,1999,June,Other College or Associate Degree,775.0,2.4
2000-06,2000,June,Other College or Associate Degree,911.0,2.7
2001-06,2001,June,Other College or Associate Degree,1027.0,3.0
2002-06,2002,June,Other College or Associate Degree,1523.0,4.6
2003-06,2003,June,Other College or Associate Degree,1668.0,4.9
2004-06,2004,June,Other College or Associate Degree,1436.0,4.1
2005-06,2005,June,Other College or Associate Degree,1348.0,3.9
2006-06,2006,June,Other College or Associate Degree,1238.0,3.5
2007-06,2007,June,Other College or Associate Degree,1283.0,3.5
2008-06,2008,June,Other College or Associate Degree,1595.0,4.3
2009-06,2009,June,Other College or Associate Degree,2964.0,8.1
2010-06,2010,June,Other College or Associate Degree,2978.0,8.1
2011-06,2011,June,Other College or Associate Degree,3049.0,8.3
2012-06,2012,June,Other College or Associate Degree,2752.0,7.3
2013-06,2013,June,Other College or Associate Degree,2405.0,6.5
2014-06,2014,June,Other College or Associate Degree,1931.0,5.2
2015-06,2015,June,Other College or Associate Degree,1595.0,4.2
2016-06,2016,June,Other College or Associate Degree,1549.0,4.1
2017-06,2017,June,Other College or Associate Degree,1396.0,3.7
2018-06,2018,June,Other College or Associate Degree,1238.0,3.3
2019-06,2019,June,Other College or Associate Degree,1115.0,3.0
2020-06,2020,June,Other College or Associate Degree,3991.0,10.9
2021-06,2021,June,Other College or Associate Degree,2110.0,5.8
2022-06,2022,June,Other College or Associate Degree,1121.0,3.1
2023-06,2023,June,Other College or Associate Degree,1092.0,3.1
1993-07,1993,July,Other College or Associate Degree,1484.0,5.2
1994-07,1994,July,Other College or Associate Degree,1295.0,4.3
1995-07,1995,July,Other College or Associate Degree,1265.0,4.1
1996-07,1996,July,Other College or Associate Degree,1164.0,3.7
1997-07,1997,July,Other College or Associate Degree,971.0,3.1
1998-07,1998,July,Other College or Associate Degree,917.0,2.9
1999-07,1999,July,Other College or Associate Degree,960.0,3.0
2000-07,2000,July,Other College or Associate Degree,927.0,2.8
2001-07,2001,July,Other College or Associate Degree,1026.0,3.0
2002-07,2002,July,Other College or Associate Degree,1473.0,4.4
2003-07,2003,July,Other College or Associate Degree,1694.0,5.0
2004-07,2004,July,Other College or Associate Degree,1456.0,4.2
2005-07,2005,July,Other College or Associate Degree,1297.0,3.7
2006-07,2006,July,Other College or Associate Degree,1287.0,3.6
2007-07,2007,July,Other College or Associate Degree,1291.0,3.6
2008-07,2008,July,Other College or Associate Degree,1685.0,4.6
2009-07,2009,July,Other College or Associate Degree,2930.0,8.0
2010-07,2010,July,Other College or Associate Degree,3074.0,8.3
2011-07,2011,July,Other College or Associate Degree,3049.0,8.3
2012-07,2012,July,Other College or Associate Degree,2686.0,7.2
2013-07,2013,July,Other College or Associate Degree,2259.0,6.1
2014-07,2014,July,Other College or Associate Degree,2013.0,5.3
2015-07,2015,July,Other College or Associate Degree,1637.0,4.3
2016-07,2016,July,Other College or Associate Degree,1589.0,4.2
2017-07,2017,July,Other College or Associate Degree,1371.0,3.7
2018-07,2018,July,Other College or Associate Degree,1169.0,3.1
2019-07,2019,July,Other College or Associate Degree,1167.0,3.1
2020-07,2020,July,Other College or Associate Degree,3507.0,9.6
2021-07,2021,July,Other College or Associate Degree,1772.0,4.9
2022-07,2022,July,Other College or Associate Degree,1016.0,2.9
2023-07,2023,July,Other College or Associate Degree,1118.0,3.1
1993-08,1993,Augest,Other College or Associate Degree,1581.0,5.5
1994-08,1994,Augest,Other College or Associate Degree,1298.0,4.3
1995-08,1995,Augest,Other College or Associate Degree,1236.0,4.0
1996-08,1996,Augest,Other College or Associate Degree,1159.0,3.7
1997-08,1997,Augest,Other College or Associate Degree,1006.0,3.2
1998-08,1998,Augest,Other College or Associate Degree,853.0,2.7
1999-08,1999,Augest,Other College or Associate Degree,952.0,3.0
2000-08,2000,Augest,Other College or Associate Degree,921.0,2.8
2001-08,2001,Augest,Other College or Associate Degree,1110.0,3.3
2002-08,2002,Augest,Other College or Associate Degree,1486.0,4.4
2003-08,2003,Augest,Other College or Associate Degree,1648.0,4.9
2004-08,2004,Augest,Other College or Associate Degree,1412.0,4.1
2005-08,2005,Augest,Other College or Associate Degree,1233.0,3.5
2006-08,2006,Augest,Other College or Associate Degree,1246.0,3.5
2007-08,2007,Augest,Other College or Associate Degree,1300.0,3.6
2008-08,2008,Augest,Other College or Associate Degree,1789.0,4.9
2009-08,2009,Augest,Other College or Associate Degree,2980.0,8.1
2010-08,2010,Augest,Other College or Associate Degree,3204.0,8.7
2011-08,2011,Augest,Other College or Associate Degree,3068.0,8.3
2012-08,2012,Augest,Other College or Associate Degree,2497.0,6.7
2013-08,2013,Augest,Other College or Associate Degree,2297.0,6.1
2014-08,2014,Augest,Other College or Associate Degree,2008.0,5.3
2015-08,2015,Augest,Other College or Associate Degree,1603.0,4.3
2016-08,2016,Augest,Other College or Associate Degree,1566.0,4.2
2017-08,2017,Augest,Other College or Associate Degree,1376.0,3.7
2018-08,2018,Augest,Other College or Associate Degree,1302.0,3.5
2019-08,2019,Augest,Other College or Associate Degree,1143.0,3.0
2020-08,2020,Augest,Other College or Associate Degree,2807.0,7.7
2021-08,2021,Augest,Other College or Associate Degree,1773.0,5.0
2022-08,2022,Augest,Other College or Associate Degree,1046.0,2.9
2023-08,2023,Augest,Other College or Associate Degree,1087.0,3.0
1993-09,1993,September,Other College or Associate Degree,1475.0,5.1
1994-09,1994,September,Other College or Associate Degree,1303.0,4.3
1995-09,1995,September,Other College or Associate Degree,1182.0,3.8
1996-09,1996,September,Other College or Associate Degree,1151.0,3.7
1997-09,1997,September,Other College or Associate Degree,1026.0,3.3
1998-09,1998,September,Other College or Associate Degree,940.0,3.0
1999-09,1999,September,Other College or Associate Degree,871.0,2.7
2000-09,2000,September,Other College or Associate Degree,851.0,2.6
2001-09,2001,September,Other College or Associate Degree,1167.0,3.4
2002-09,2002,September,Other College or Associate Degree,1559.0,4.6
2003-09,2003,September,Other College or Associate Degree,1658.0,4.9
2004-09,2004,September,Other College or Associate Degree,1414.0,4.1
2005-09,2005,September,Other College or Associate Degree,1284.0,3.7
2006-09,2006,September,Other College or Associate Degree,1281.0,3.6
2007-09,2007,September,Other College or Associate Degree,1223.0,3.4
2008-09,2008,September,Other College or Associate Degree,1857.0,5.0
2009-09,2009,September,Other College or Associate Degree,3051.0,8.3
2010-09,2010,September,Other College or Associate Degree,3296.0,8.9
2011-09,2011,September,Other College or Associate Degree,3154.0,8.5
2012-09,2012,September,Other College or Associate Degree,2476.0,6.6
2013-09,2013,September,Other College or Associate Degree,2274.0,6.1
2014-09,2014,September,Other College or Associate Degree,2019.0,5.4
2015-09,2015,September,Other College or Associate Degree,1586.0,4.3
2016-09,2016,September,Other College or Associate Degree,1593.0,4.2
2017-09,2017,September,Other College or Associate Degree,1362.0,3.6
2018-09,2018,September,Other College or Associate Degree,1191.0,3.2
2019-09,2019,September,Other College or Associate Degree,1085.0,2.9
2020-09,2020,September,Other College or Associate Degree,2947.0,8.2
2021-09,2021,September,Other College or Associate Degree,1611.0,4.5
2022-09,2022,September,Other College or Associate Degree,1017.0,2.9
1993-10,1993,October,Other College or Associate Degree,1448.0,5.1
1994-10,1994,October,Other College or Associate Degree,1278.0,4.2
1995-10,1995,October,Other College or Associate Degree,1216.0,3.9
1996-10,1996,October,Other College or Associate Degree,1161.0,3.7
1997-10,1997,October,Other College or Associate Degree,917.0,2.9
1998-10,1998,October,Other College or Associate Degree,942.0,3.0
1999-10,1999,October,Other College or Associate Degree,884.0,2.7
2000-10,2000,October,Other College or Associate Degree,798.0,2.4
2001-10,2001,October,Other College or Associate Degree,1367.0,4.1
2002-10,2002,October,Other College or Associate Degree,1570.0,4.6
2003-10,2003,October,Other College or Associate Degree,1614.0,4.8
2004-10,2004,October,Other College or Associate Degree,1431.0,4.2
2005-10,2005,October,Other College or Associate Degree,1352.0,3.8
2006-10,2006,October,Other College or Associate Degree,1220.0,3.4
2007-10,2007,October,Other College or Associate Degree,1267.0,3.5
2008-10,2008,October,Other College or Associate Degree,1921.0,5.2
2009-10,2009,October,Other College or Associate Degree,3206.0,8.7
2010-10,2010,October,Other College or Associate Degree,3048.0,8.2
2011-10,2011,October,Other College or Associate Degree,2989.0,8.1
2012-10,2012,October,Other College or Associate Degree,2583.0,6.9
2013-10,2013,October,Other College or Associate Degree,2382.0,6.4
2014-10,2014,October,Other College or Associate Degree,1849.0,4.9
2015-10,2015,October,Other College or Associate Degree,1642.0,4.4
2016-10,2016,October,Other College or Associate Degree,1461.0,3.9
2017-10,2017,October,Other College or Associate Degree,1400.0,3.7
2018-10,2018,October,Other College or Associate Degree,1139.0,3.0
2019-10,2019,October,Other College or Associate Degree,1054.0,2.8
2020-10,2020,October,Other College or Associate Degree,2361.0,6.6
2021-10,2021,October,Other College or Associate Degree,1523.0,4.3
2022-10,2022,October,Other College or Associate Degree,1071.0,3.0
1993-11,1993,November,Other College or Associate Degree,1435.0,5.0
1994-11,1994,November,Other College or Associate Degree,1314.0,4.3
1995-11,1995,November,Other College or Associate Degree,1278.0,4.1
1996-11,1996,November,Other College or Associate Degree,1153.0,3.7
1997-11,1997,November,Other College or Associate Degree,986.0,3.1
1998-11,1998,November,Other College or Associate Degree,918.0,2.9
1999-11,1999,November,Other College or Associate Degree,872.0,2.7
2000-11,2000,November,Other College or Associate Degree,869.0,2.6
2001-11,2001,November,Other College or Associate Degree,1418.0,4.2
2002-11,2002,November,Other College or Associate Degree,1587.0,4.7
2003-11,2003,November,Other College or Associate Degree,1573.0,4.7
2004-11,2004,November,Other College or Associate Degree,1487.0,4.3
2005-11,2005,November,Other College or Associate Degree,1370.0,3.9
2006-11,2006,November,Other College or Associate Degree,1189.0,3.4
2007-11,2007,November,Other College or Associate Degree,1191.0,3.3
2008-11,2008,November,Other College or Associate Degree,2030.0,5.5
2009-11,2009,November,Other College or Associate Degree,3234.0,8.8
2010-11,2010,November,Other College or Associate Degree,3195.0,8.6
2011-11,2011,November,Other College or Associate Degree,2834.0,7.7
2012-11,2012,November,Other College or Associate Degree,2436.0,6.5
2013-11,2013,November,Other College or Associate Degree,2380.0,6.4
2014-11,2014,November,Other College or Associate Degree,1811.0,4.9
2015-11,2015,November,Other College or Associate Degree,1654.0,4.4
2016-11,2016,November,Other College or Associate Degree,1499.0,3.9
2017-11,2017,November,Other College or Associate Degree,1400.0,3.7
2018-11,2018,November,Other College or Associate Degree,1184.0,3.2
2019-11,2019,November,Other College or Associate Degree,1102.0,2.9
2020-11,2020,November,Other College or Associate Degree,2286.0,6.4
2021-11,2021,November,Other College or Associate Degree,1288.0,3.6
2022-11,2022,November,Other College or Associate Degree,1133.0,3.2
1993-12,1993,December,Other College or Associate Degree,1427.0,4.9
1994-12,1994,December,Other College or Associate Degree,1221.0,4.0
1995-12,1995,December,Other College or Associate Degree,1154.0,3.7
1996-12,1996,December,Other College or Associate Degree,1152.0,3.7
1997-12,1997,December,Other College or Associate Degree,1052.0,3.3
1998-12,1998,December,Other College or Associate Degree,910.0,2.9
1999-12,1999,December,Other College or Associate Degree,807.0,2.5
2000-12,2000,December,Other College or Associate Degree,891.0,2.7
2001-12,2001,December,Other College or Associate Degree,1439.0,4.2
2002-12,2002,December,Other College or Associate Degree,1654.0,4.9
2003-12,2003,December,Other College or Associate Degree,1484.0,4.4
2004-12,2004,December,Other College or Associate Degree,1454.0,4.2
2005-12,2005,December,Other College or Associate Degree,1397.0,3.9
2006-12,2006,December,Other College or Associate Degree,1198.0,3.4
2007-12,2007,December,Other College or Associate Degree,1371.0,3.8
2008-12,2008,December,Other College or Associate Degree,2107.0,5.7
2009-12,2009,December,Other College or Associate Degree,3224.0,8.7
2010-12,2010,December,Other College or Associate Degree,2976.0,8.1
2011-12,2011,December,Other College or Associate Degree,2819.0,7.6
2012-12,2012,December,Other College or Associate Degree,2568.0,6.9
2013-12,2013,December,Other College or Associate Degree,2283.0,6.2
2014-12,2014,December,Other College or Associate Degree,1844.0,5.0
2015-12,2015,December,Other College or Associate Degree,1566.0,4.1
2016-12,2016,December,Other College or Associate Degree,1468.0,3.8
2017-12,2017,December,Other College or Associate Degree,1382.0,3.6
2018-12,2018,December,Other College or Associate Degree,1240.0,3.3
2019-12,2019,December,Other College or Associate Degree,1036.0,2.8
2020-12,2020,December,Other College or Associate Degree,2296.0,6.4
2021-12,2021,December,Other College or Associate Degree,1257.0,3.5
2022-12,2022,December,Other College or Associate Degree,1054.0,2.9
